subreddit_num,anger,anticipation,disgust,fear,joy,sadness,surprise,trust,sentiment
0,2.9469863058388498e-05,3.0780108426439526e-05,1.764016535549132e-05,2.6976438157139925e-05,2.532603065981741e-05,2.5157237939653704e-05,1.786107844512278e-05,3.3560413944992606e-05,-6.710564843942457e-06
1,2.760901787057761e-05,3.798244400017013e-05,1.572760913544517e-05,3.204390313196184e-05,3.329738823088228e-05,3.347917001872007e-05,2.071338970145607e-05,5.213725317193851e-05,8.992195863763633e-06
2,6.66827809947158e-05,7.386648648036706e-05,2.895840148725578e-05,5.760413018644989e-05,4.5760111554465124e-05,5.7255664583233836e-05,3.224357220820466e-05,9.5286957630428e-05,-3.517450750444329e-05
3,6.699059593282314e-05,7.750674102327856e-05,3.410438574906184e-05,7.893632902473755e-05,6.39799936605751e-05,7.789531004223016e-05,3.479065265917482e-05,9.356419960775144e-05,-1.6621816814493104e-06
4,7.210921273920792e-05,0.00018525877190405434,4.057954195432081e-05,0.00010829584396728269,0.00012007199202570553,8.685842867837138e-05,5.540264777927981e-05,0.00018927388537717652,0.00013230763340064622
5,0.00014607676888524272,0.00014870572620748657,8.623911866858438e-05,0.00016122416960280173,0.00010924478187341973,0.00018455684410047355,7.948769657370705e-05,0.00016962300640424265,-0.00013966905925122557
6,0.000123426270750651,0.00013936273730701096,5.287311687786958e-05,0.0001293896208554501,9.262643620630841e-05,0.00011176161146000652,6.33808751041867e-05,0.00014260211705074524,-7.187463159810475e-05
7,4.856231006192642e-05,6.681917084196691e-05,2.6043821768839745e-05,5.008295496008547e-05,5.725465068878518e-05,5.424102271392292e-05,3.861371650214378e-05,7.813767570810522e-05,3.794691187786675e-06
8,8.444611889613184e-05,0.0003232857395580859,6.231547931084481e-05,0.0001271290888095245,0.00021280122571963652,0.0001454251427887709,6.245564200224439e-05,0.000543804159248446,0.00025334648447266657
9,0.00015542269305159108,0.0002069235296115309,6.33210725769218e-05,0.00017688873418979104,0.00010208747215354254,0.00010199163386938438,7.782307857362657e-05,0.00019864844505035602,-2.96698552832609e-06
10,0.0001833452452060196,0.00011549077275054124,0.00013440362076104167,0.00022295129182868469,0.0002481464113771674,0.0003272941011630809,4.760577087334016e-05,0.0004257114431519577,-5.639503001654462e-06
11,0.00010028272095436419,0.00016201868246735346,7.34362506492458e-05,0.00011627629027635815,0.00023785767797363994,0.000225428684303047,9.795144004605924e-05,0.00028443219340699185,0.00012633531347713467
12,0.0002626146673581455,0.0005885097295981162,0.00020341483366927276,0.0006265223267601455,0.000289870050420016,0.00022573930848946618,0.0004273049726132127,0.0004806024223387813,8.108907445233463e-05
