term_str,x,y
1,12.617876,-6.430026
10,13.48275,-8.324476
100,-6.5962667,-8.284508
11,8.69135,5.4270506
12,19.355124,-5.588365
13,14.873194,-5.193445
14,10.291369,7.0817704
15,9.556842,-4.358909
16,11.408134,-6.5583158
18,5.031852,11.383671
2,16.491272,-6.8466516
20,12.633712,-7.839076
200,0.4517254,2.4353933
2020,9.411605,5.195307
2021,9.435076,-5.5606055
2025,5.7362843,12.9172125
21,4.2814074,6.627139
25,11.175616,-7.705684
3,18.206327,-6.8975463
30,3.9537065,-4.391706
4,14.429151,-7.607832
5,18.195776,-7.4436088
50,9.52064,-9.676238
500,6.0863094,4.840723
5g,13.829265,-3.6947265
6,15.682764,-7.147137
7,12.808241,-6.2967687
8,11.546635,1.777814
9,9.520877,2.2710412
a,-8.377972,-5.9643106
about,-14.076894,-7.013153
above,4.5821056,-6.4266376
account,-3.5791051,8.587569
actually,-4.3601203,9.370933
after,13.373537,-5.562902
again,1.0651072,-7.104684
ago,6.734047,-2.9736528
ahead,3.445345,20.352493
all,-15.753222,-3.536987
almost,8.589782,4.5381904
alongside,8.214138,-5.5905757
already,-1.4684092,5.7909527
also,17.616552,-4.126617
always,-2.1693525,15.599769
am,-23.823025,-7.5647593
amazon,6.8312097,6.3751
amd,6.5046835,-5.4107795
amp,15.883166,-5.1228833
ampnbsp,-4.817578,-2.5991178
ampx200b,-6.7152,-9.771295
amzn,9.687318,-9.831095
an,1.0485821,-0.94797957
analysis,-4.1208677,8.571286
and,-2.9013484,-7.8026185
another,1.6285301,-6.8202095
any,-21.017017,-8.948376
anyone,-8.066873,6.320129
anything,-7.5657334,6.90309
app,11.380139,6.244066
apple,4.9192457,-2.498028
are,-3.158457,-9.12264
around,-8.643327,-7.8025184
as,14.0735035,-2.2313273
at,-18.366177,-8.760258
average,15.729944,-6.712927
away,-0.4113292,9.348622
back,-11.486938,-8.085728
bad,-3.2543604,-0.36007094
based,3.3789203,8.882049
be,-19.515167,-8.248995
beat,7.3582773,3.569456
because,-11.340428,-3.6856482
become,4.688792,14.140499
been,-1.3938031,-7.2129517
before,-9.594491,-7.968204
being,0.5741014,-3.1329286
believe,2.8765547,1.5433905
below,-9.29764,-3.7655632
best,-6.821071,2.4556334
better,1.6308665,-7.535721
between,3.1125612,15.179887
big,6.1456513,-8.012024
biggest,10.280994,-4.916972
billion,23.79261,-6.0384154
bit,1.1493126,21.875296
both,5.4386106,-6.7202926
bought,-15.260293,-5.1890235
break,-5.6721196,8.553619
bull,-2.366813,12.735892
bullish,-7.791682,-3.96701
business,9.759872,6.010224
but,-20.716349,-8.043508
buy,-21.678389,-6.6799808
buying,-11.250057,-9.512335
by,18.602465,-4.7432375
call,-14.978365,-5.0238857
calls,-19.218794,-9.296589
came,3.9684522,23.388983
can,-22.625212,-7.6113896
cant,-3.995912,14.022536
cap,5.3392305,-8.05632
car,1.7460119,15.906465
case,2.8020508,10.883059
cash,3.2022128,-1.1055007
chart,2.7648628,23.125725
china,12.944303,1.0125085
click,9.500898,-10.709272
close,0.42018828,-3.7391431
come,0.2643174,8.745105
coming,4.838274,7.1852007
comment,-0.74251884,22.314653
companies,-2.675031,-8.986125
company,12.262198,5.2518296
consumer,5.2914696,13.961627
continue,1.8634323,0.7664144
cost,-2.3221095,10.21994
could,-11.091904,-2.2628932
couple,2.746505,6.9998803
current,7.624701,1.6457379
currently,-1.5515475,-0.052422535
data,6.6165752,2.727695
day,15.254566,-5.9055223
days,2.3699622,-6.6461453
dd,0.7490813,23.887032
decline,11.083056,2.3766778
demand,11.276121,3.5265481
did,-1.6814902,14.475325
didnt,2.0811818,24.643759
dip,-0.56835246,19.453783
dividend,7.861035,4.11586
do,-25.507397,-9.09614
does,-7.2090144,6.7635264
doesnt,-0.16854304,20.117596
doing,-5.319996,14.0681715
dont,-23.966026,-8.490013
down,-7.5005054,-2.6394107
drop,-1.5969423,4.1565948
due,10.54395,3.0496795
during,5.733458,7.8037086
each,-4.772677,-7.7363644
earnings,17.201004,-8.382263
edit,-10.387053,-3.6281374
either,-4.9328833,7.700929
end,5.281592,3.7706366
enough,-6.2277174,4.468608
eps,22.922556,-6.672079
especially,6.528136,8.505021
estimates,12.164979,2.167468
ev,2.7439575,24.676395
even,-10.242924,-2.5379953
event,1.7775894,22.85175
ever,1.966871,21.958794
every,6.9343405,-4.697557
everyone,-6.391639,5.2281876
expect,9.0315485,8.0780115
expectations,12.175436,0.09384517
expected,24.191654,-5.6422234
far,-2.0470276,13.633917
fb,10.114282,-9.688131
feel,-14.962185,-3.5368035
few,3.7286463,-7.8200555
find,1.0519081,22.1807
first,6.527308,2.089844
following,3.478955,0.09048451
for,8.449812,-6.530964
free,-7.5377655,1.4501839
friday,4.469169,-7.6264
from,18.55198,-5.073897
fucking,-0.09029515,14.8487625
funds,-1.0923554,18.323763
further,-2.4741156,-0.18150377
future,6.428665,1.330472
gain,3.613027,15.057467
gains,3.6912956,-7.059259
general,2.7789428,13.702228
get,-17.831577,-4.634887
getting,-0.99903876,15.850341
give,-5.3778806,4.183137
given,-0.767164,-4.951316
go,-17.415182,-6.9199114
going,-17.116034,-4.0965104
gonna,1.5474923,24.345682
good,-21.25263,-6.2858844
google,7.0082803,4.1520386
got,-6.722937,-6.30251
great,-2.3095798,-3.0871387
green,2.8258588,23.634808
growth,20.192465,-5.60736
gt,11.4905,-6.994683
guidance,13.484064,2.9265428
guys,-14.522469,-3.1059303
had,-2.3515387,-6.9466047
has,11.421197,-3.5111475
have,-19.414576,-6.548886
having,3.4407854,16.56837
he,-2.9651496,9.20277
help,-4.988831,8.6297245
here,-1.3217151,-3.036603
high,-3.3592958,-7.1381454
higher,10.461463,-8.543196
hit,0.09359674,9.994676
hold,-17.882002,-6.363999
holding,-10.418071,-3.530661
home,11.288711,5.09191
hope,-4.5539117,15.224365
how,-18.121918,-7.8962297
however,-2.6722305,-5.841514
huge,0.51553494,3.7231119
i,-25.753141,-10.093901
id,-2.6280885,17.709269
idea,0.9412484,17.2946
if,-25.080816,-9.054598
ill,-5.1588373,13.332862
im,-22.712246,-9.325626
in,18.952766,-4.8327484
income,6.2519717,3.4548366
increase,14.563653,-4.50351
increasing,9.102305,9.636549
interest,2.2338483,12.161917
interesting,-4.557796,10.09631
into,-13.880908,-9.625908
invest,0.7344778,19.850805
investing,-3.5180626,9.708526
investor,1.5860738,-1.3155549
investors,5.601925,-0.8225273
ipad,14.227641,2.4119613
iphone,22.079147,-5.424169
iphones,9.001361,8.994572
is,-2.232583,-4.8892326
isnt,-6.102383,2.1400893
it,-24.324038,-9.473416
its,5.5035825,-2.4666963
iv,-4.3298206,7.3701453
ive,-10.010899,-10.480091
just,-16.34265,-5.0524573
keep,-11.198677,-3.470837
know,-21.982805,-7.793426
large,5.5621758,-1.5473644
last,21.849745,-6.41124
lead,3.8575273,18.445023
least,0.106755085,16.377613
less,6.5142603,-6.0681577
let,-3.736742,16.137634
lets,-5.2765627,-3.248966
level,-0.16435955,16.27296
levels,1.6658958,17.346806
like,-18.329771,-5.7988896
likely,6.3008265,-0.49010476
line,5.81039,8.527212
little,-2.2665796,8.796592
live,-0.47823036,-3.7940562
long,-21.62883,-10.652732
look,-8.368437,6.8225665
looking,-11.02601,-6.6660385
losing,5.4410634,6.448735
loss,-2.5567741,18.637285
lot,-2.5891745,2.8832788
low,-6.9160886,-9.205239
lower,8.29551,-3.8140817
made,-1.6252618,8.972071
make,-15.397786,-6.7704244
makes,1.2967433,20.654074
making,-5.2204795,0.19122718
many,0.6688,-5.943408
market,4.7347264,0.676451
markets,2.7729986,16.17033
max,5.65607,3.4624295
may,-3.9027755,1.5892708
maybe,-3.6302195,10.1255455
me,-21.657085,-7.9789968
mean,0.26594692,20.651285
means,1.1623594,19.416105
microsoft,5.151146,12.025398
might,-10.541384,-9.78036
money,-17.725464,-5.6096954
month,13.446915,-4.9992447
months,8.103367,-4.279323
more,15.388032,-2.2600124
morning,-1.0555832,14.228761
most,1.1478419,-1.9222672
move,21.934141,-6.7837424
moves,18.076393,-8.260021
moving,4.8239636,-7.0665693
msft,-4.254629,-7.0791306
much,-7.645362,-0.32037377
my,-23.450521,-9.398336
near,-2.4891977,0.5731167
need,-4.6531706,14.370795
new,13.950034,-0.17448607
news,-0.9777494,-6.034633
next,17.691208,-5.6645865
no,-10.43651,-8.475717
not,-22.218637,-8.613843
now,-18.661263,-6.864296
numbers,13.030353,2.7089787
obviously,0.8436936,16.456585
of,12.700226,-2.5766115
off,-7.2173233,-8.595604
on,-17.118021,-7.7866983
one,0.20504917,-2.0905426
only,-4.917026,-6.282596
open,-2.694017,10.726823
opinion,0.4844642,19.349476
option,-5.6700907,1.7472963
options,-12.078008,-7.130454
or,-22.681644,-9.745945
other,10.106156,-7.116731
others,-0.38030496,17.219091
otm,-6.0115848,-5.750803
our,16.314087,-5.4296894
out,-19.891937,-6.9810796
over,20.244312,-5.038216
own,-8.816946,7.6150446
p,-2.2232337,7.629665
past,17.125093,-6.4750514
pay,2.2609708,20.251923
people,-10.250369,-9.02934
per,7.597644,-2.295251
phone,2.160946,22.21864
plan,-0.3568991,18.563416
play,-17.578756,-7.060662
plays,-10.286146,-4.786719
please,-5.212281,15.001269
point,-2.844539,12.8218355
portfolio,-1.711265,17.656847
position,-14.827577,-2.4770093
positions,-2.262629,14.626695
possible,2.0597928,23.520819
post,0.37146944,1.3921281
potential,0.69899553,-0.38861096
pre,6.0631385,6.649831
premium,0.29591656,11.437382
pretty,-3.573704,-0.49823445
previous,9.866361,9.599085
price,7.7279687,-0.16104007
priced,2.319016,11.164848
prices,3.3533742,6.940932
pro,10.904045,-5.526103
probably,-0.83581024,5.9021387
product,8.004973,2.8919978
products,12.793426,2.0533633
profit,-2.4941885,6.743999
profits,-2.7472095,5.8935046
put,-14.910905,-9.718799
puts,-10.992856,-5.5720944
quarter,19.862785,-4.859594
range,-1.1951284,7.8444605
rate,9.232486,0.48764765
ratio,3.744635,6.354681
really,-15.807676,-4.0714636
recent,17.089453,-7.4574833
recently,1.4594193,10.628555
release,3.1884007,19.613813
report,10.052102,1.5196956
results,7.0496354,8.078007
revenue,24.38278,-5.6231227
revenues,14.217638,2.064153
right,-14.389881,-10.07673
risk,-8.239379,-8.637661
run,-3.317388,8.032805
said,3.1443665,18.79334
sales,21.691244,-5.5918922
same,2.2709756,-2.263857
saw,16.74603,-4.347868
say,-8.975093,-6.9776816
see,-12.600441,-2.938766
seems,-6.6548004,1.5972342
seen,6.7212715,10.167721
sell,-21.593985,-9.783496
selling,-11.084933,-6.9911957
sentiment,0.14912131,10.696226
services,21.169462,-5.494286
share,10.124002,-6.3226113
shares,-19.172098,-5.241058
shit,1.5241315,23.807743
short,-10.425375,-7.0646086
should,-23.332542,-8.1737995
similar,-0.68190855,3.915298
since,11.709051,-4.47355
small,5.989807,-3.176196
so,-20.778019,-8.751528
sold,-7.899284,-9.320147
some,-18.941109,-7.5235066
something,-3.832713,11.314878
soon,-0.15101922,15.42119
split,-5.375535,2.980124
spreadsheet,2.595623,21.371283
start,1.8848431,-0.188068
started,4.811226,12.860394
still,-9.177751,-5.662334
stock,-1.624189,-2.5030408
stocks,-9.318297,-4.882024
store,10.831696,5.4982753
strategy,-8.353659,-2.575237
strike,-6.284269,-8.796775
strong,8.977296,-4.953942
such,3.2168458,17.325726
support,0.0555801,3.4500024
sure,-16.497387,-2.6608672
take,-7.7559423,5.584936
target,7.697295,-2.8996892
tax,7.5645313,-4.873381
tech,3.556799,-8.937505
technology,5.093274,7.7598414
term,-13.393183,-11.058971
tesla,2.5783503,14.580265
than,19.706945,-6.5864697
thanks,-6.6323047,7.6300635
that,-16.481628,-6.548379
thats,-3.681669,5.211233
the,20.32895,-6.312334
their,7.123783,-7.091878
them,-14.620983,-7.2838073
then,-13.136551,-9.215613
there,-16.654408,-5.7682557
theres,0.0049043456,21.342756
these,-15.054938,-8.417471
they,-4.5478497,-9.329865
thing,-2.4382412,11.951599
think,-24.528803,-7.8366256
thinking,-12.5122,-8.887612
this,-3.6777835,-5.6038814
those,-3.729132,-1.2965169
though,-1.9858975,1.1001004
thought,-2.792715,15.118575
thoughts,-11.717241,-6.1151586
through,-4.940484,-1.083086
time,-16.0624,-4.8346477
times,7.703308,8.540776
to,-14.192657,-8.722242
today,-5.505443,-5.398818
tomorrow,-6.3049135,3.7991982
too,-8.107018,-7.787195
top,7.4912825,0.84954906
total,10.330647,4.792428
trade,-8.296273,-3.3470669
trades,-0.8019183,7.036895
trading,-8.95048,-8.665457
tsla,5.6654196,-5.03979
two,3.4846895,-6.2798676
under,1.9062781,18.039154
until,-0.32121053,6.861558
up,11.947336,-5.746754
us,5.624506,0.8714535
use,-4.0586114,0.49787912
using,3.4964705,22.71179
value,2.251005,-5.674694
very,-9.337041,-6.58151
volatility,2.4859035,19.472834
volume,3.5552683,7.7717338
vs,24.717228,-5.6029544
wait,-3.0374646,15.841375
want,-22.447088,-6.9911337
was,-9.168202,-2.1242573
watch,7.925225,7.639253
way,-4.6291122,-1.8784435
we,8.058543,-8.457789
week,12.739953,-4.686578
weeks,14.843978,-6.245851
well,-2.221983,-1.4365025
went,2.9204946,22.665176
were,5.7006907,-7.1353617
what,-23.861937,-8.923165
whats,-1.0130117,14.989927
when,-13.381687,-9.2960005
where,-6.7561173,0.1973195
which,13.23248,-2.3733256
while,15.845114,-4.098383
who,-1.2351441,10.685471
why,-15.118057,-2.711659
will,-11.848605,-1.781401
with,14.516736,-2.5646305
work,2.1071444,8.934175
world,3.3651333,23.594433
worth,-4.6473393,0.5885494
would,-23.118093,-7.5910397
y,23.298796,-6.829897
year,22.84447,-5.7803016
years,18.414738,-6.0315824
yesterday,6.8217173,-1.0954285
yet,-0.50990117,5.98475
you,-25.2967,-9.729656
your,-21.427149,-8.637403
youre,0.30791557,22.613108
