term_str,n,p,i,max_pos,max_pos_group,stop,porter_stem,dfidf,anger,anticipation,disgust,fear,joy,negative,positive,sadness,surprise,trust,sentiment
abandon,1,5.940323510018356e-06,17.36102706698669,NN,NN,0,abandon,3.700439718141092,0,0,0,1,0,1,0,1,0,0,-1
absence,1,5.940323510018356e-06,17.36102706698669,NN,NN,0,absenc,3.700439718141092,0,0,0,1,0,1,0,1,0,0,-1
abundance,1,5.940323510018356e-06,17.36102706698669,NN,NN,0,abund,3.700439718141092,0,1,1,0,1,1,1,0,0,1,0
abuse,4,2.3761294040073423e-05,15.36102706698669,NN,NN,0,abus,6.801758872564369,1,0,1,1,0,1,0,1,0,0,-1
accurate,2,1.1880647020036711e-05,16.36102706698669,NN,NN,0,accur,5.400879436282184,0,0,0,0,0,0,1,0,0,1,1
accused,1,5.940323510018356e-06,17.36102706698669,VBN,VB,0,accus,3.700439718141092,1,0,0,1,0,1,0,0,0,0,-1
achieve,2,1.1880647020036711e-05,16.36102706698669,NN,NN,0,achiev,5.400879436282184,0,0,0,0,1,0,1,0,0,1,1
acquiring,3,1.7820970530055067e-05,15.776064566265534,VBG,VB,0,acquir,3.700439718141092,0,1,0,0,0,0,1,0,0,0,1
actionable,2,1.1880647020036711e-05,16.36102706698669,JJ,JJ,0,action,5.400879436282184,1,0,1,0,0,1,0,0,0,0,-1
adore,1,5.940323510018356e-06,17.36102706698669,NN,NN,0,ador,3.700439718141092,0,1,0,0,1,0,1,0,0,1,1
advance,21,0.00012474679371038546,12.96870964420793,NN,NN,0,advanc,6.251593572584417,0,1,0,1,1,0,1,0,1,0,1
advise,2,1.1880647020036711e-05,16.36102706698669,NN,NN,0,advis,5.400879436282184,0,0,0,0,0,0,1,0,0,1,1
adviser,1,5.940323510018356e-06,17.36102706698669,NN,NN,0,advis,3.700439718141092,0,0,0,0,0,0,1,0,0,1,1
affront,1,5.940323510018356e-06,17.36102706698669,NN,NN,0,affront,3.700439718141092,1,0,1,1,0,1,0,1,1,0,-1
afraid,12,7.128388212022027e-05,13.776064566265534,NN,NN,0,afraid,6.692863304519616,0,0,0,1,0,1,0,0,0,0,-1
aggressive,4,2.3761294040073423e-05,15.36102706698669,JJ,JJ,0,aggress,6.346431652259807,1,0,0,1,0,1,0,0,0,0,-1
agreed,1,5.940323510018356e-06,17.36102706698669,VBD,VB,0,agre,3.700439718141092,0,0,0,0,0,0,1,0,0,1,1
agreeing,1,5.940323510018356e-06,17.36102706698669,VBG,VB,0,agre,3.700439718141092,0,0,0,0,0,0,1,0,0,1,1
agreement,13,7.722420563023862e-05,13.660587348845597,NN,NN,0,agreement,6.801758872564369,0,0,0,0,0,0,1,0,0,1,1
airs,1,5.940323510018356e-06,17.36102706698669,NNS,NN,0,air,3.700439718141092,0,0,1,0,0,1,0,0,0,0,-1
alerts,9,5.34629115901652e-05,14.191102065544378,NNS,NN,0,alert,5.400879436282184,0,1,0,1,0,0,0,0,1,0,0
alive,2,1.1880647020036711e-05,16.36102706698669,JJ,JJ,0,aliv,3.700439718141092,0,1,0,0,1,0,1,0,0,1,1
amen,1,5.940323510018356e-06,17.36102706698669,NNS,NN,0,amen,3.700439718141092,0,0,0,0,1,0,1,0,0,1,1
analyst,27,0.0001603887347704956,12.606139564823222,NN,NN,0,analyst,6.692863304519616,0,1,0,0,0,0,1,0,0,1,1
angry,1,5.940323510018356e-06,17.36102706698669,JJ,JJ,0,angri,3.700439718141092,1,0,1,0,0,1,0,0,0,0,-1
anguish,1,5.940323510018356e-06,17.36102706698669,NN,NN,0,anguish,3.700439718141092,1,0,0,1,0,1,0,1,0,0,-1
annihilate,1,5.940323510018356e-06,17.36102706698669,NN,NN,0,annihil,3.700439718141092,1,0,0,1,0,1,0,0,0,0,-1
anxiety,1,5.940323510018356e-06,17.36102706698669,NN,NN,0,anxieti,3.700439718141092,1,1,0,1,0,1,0,1,0,0,-1
anxious,1,5.940323510018356e-06,17.36102706698669,JJ,JJ,0,anxiou,3.700439718141092,0,1,0,1,0,1,0,0,0,0,-1
apache,1,5.940323510018356e-06,17.36102706698669,NN,NN,0,apach,3.700439718141092,0,0,0,1,0,1,0,0,0,0,-1
appreciation,3,1.7820970530055067e-05,15.776064566265534,NN,NN,0,appreci,6.346431652259807,0,0,0,0,1,0,1,0,0,1,1
argue,10,5.940323510018356e-05,14.039098972099328,NN,NN,0,argu,6.892558116268649,1,0,0,0,0,1,0,0,0,0,-1
argument,3,1.7820970530055067e-05,15.776064566265534,NN,NN,0,argument,5.400879436282184,1,0,0,0,0,1,0,0,0,0,-1
art,5,2.970161755009178e-05,15.039098972099328,NN,NN,0,art,6.346431652259807,0,1,0,0,1,0,1,1,1,0,1
aspiring,1,5.940323510018356e-06,17.36102706698669,VBG,VB,0,aspir,3.700439718141092,0,1,0,0,1,0,1,0,0,1,1
assembly,3,1.7820970530055067e-05,15.776064566265534,RB,RB,0,assembl,5.400879436282184,0,0,0,0,0,0,1,0,0,1,1
asshole,1,5.940323510018356e-06,17.36102706698669,NN,NN,0,asshol,3.700439718141092,1,0,1,0,0,1,0,0,0,0,-1
assurance,1,5.940323510018356e-06,17.36102706698669,NN,NN,0,assur,3.700439718141092,0,0,0,0,0,0,1,0,0,1,1
assured,2,1.1880647020036711e-05,16.36102706698669,VBN,VB,0,assur,5.400879436282184,0,0,0,0,0,0,1,0,0,1,1
attack,2,1.1880647020036711e-05,16.36102706698669,NN,NN,0,attack,5.400879436282184,1,0,0,1,0,1,0,0,0,0,-1
attacking,1,5.940323510018356e-06,17.36102706698669,VBG,VB,0,attack,3.700439718141092,1,0,1,1,0,1,0,1,1,0,-1
attainable,1,5.940323510018356e-06,17.36102706698669,JJ,JJ,0,attain,3.700439718141092,0,1,0,0,0,0,1,0,0,0,1
attorney,1,5.940323510018356e-06,17.36102706698669,NN,NN,0,attorney,3.700439718141092,1,0,0,1,0,0,1,0,0,1,1
author,1,5.940323510018356e-06,17.36102706698669,NN,NN,0,author,3.700439718141092,0,0,0,0,0,0,1,0,0,1,1
avoid,35,0.00020791132285064246,12.231744050041723,NN,NN,0,avoid,6.251593572584417,0,0,0,1,0,1,0,0,0,0,-1
avoidance,1,5.940323510018356e-06,17.36102706698669,NN,NN,0,avoid,3.700439718141092,0,0,0,1,0,1,0,0,0,0,-1
award,1,5.940323510018356e-06,17.36102706698669,NN,NN,0,award,3.700439718141092,0,1,0,0,1,0,1,0,1,1,1
awful,1,5.940323510018356e-06,17.36102706698669,NN,NN,0,aw,3.700439718141092,1,0,1,1,0,1,0,1,0,0,-1
baby,5,2.970161755009178e-05,15.039098972099328,NN,NN,0,babi,3.700439718141092,0,0,0,0,1,0,1,0,0,0,1
backbone,2,1.1880647020036711e-05,16.36102706698669,NN,NN,0,backbon,5.400879436282184,1,0,0,0,0,0,1,0,0,1,1
bad,59,0.000350479087091083,11.47838401762485,JJ,JJ,0,bad,5.6035177451287375,1,0,1,1,0,1,0,1,0,0,-1
bang,2,1.1880647020036711e-05,16.36102706698669,NN,NN,0,bang,5.400879436282184,1,0,1,1,0,1,0,1,1,0,-1
banger,5,2.970161755009178e-05,15.039098972099328,NN,NN,0,banger,6.346431652259807,1,1,0,1,0,1,0,0,1,0,-1
bankrupt,3,1.7820970530055067e-05,15.776064566265534,NN,NN,0,bankrupt,5.400879436282184,0,0,0,1,0,1,0,1,0,0,-1
bankruptcy,1,5.940323510018356e-06,17.36102706698669,NN,NN,0,bankruptci,3.700439718141092,1,0,1,1,0,1,0,1,0,0,-1
bargain,2,1.1880647020036711e-05,16.36102706698669,NN,NN,0,bargain,5.400879436282184,0,0,0,0,0,0,1,0,0,1,1
barrier,1,5.940323510018356e-06,17.36102706698669,NN,NN,0,barrier,3.700439718141092,1,0,0,0,0,1,0,0,0,0,-1
battery,17,0.00010098549967031204,13.27356422573635,NN,NN,0,batteri,6.801758872564369,1,0,0,0,0,1,0,0,0,0,-1
battle,5,2.970161755009178e-05,15.039098972099328,NN,NN,0,battl,6.801758872564369,1,0,0,0,0,1,0,0,0,0,-1
bear,30,0.00017820970530055066,12.454136471378172,NN,NN,0,bear,6.251593572584417,1,0,0,1,0,0,0,0,0,0,0
bearish,42,0.0002494935874207709,11.96870964420793,JJ,JJ,0,bearish,4.774632450289018,1,0,0,1,0,0,0,0,0,0,0
beast,1,5.940323510018356e-06,17.36102706698669,NN,NN,0,beast,3.700439718141092,1,0,0,1,0,1,0,0,0,0,-1
beating,13,7.722420563023862e-05,13.660587348845597,NN,NN,0,beat,6.692863304519616,1,0,0,1,0,1,0,1,0,0,-1
beautiful,4,2.3761294040073423e-05,15.36102706698669,NN,NN,0,beauti,5.400879436282184,0,0,0,0,1,0,1,0,0,0,1
beauty,1,5.940323510018356e-06,17.36102706698669,NN,NN,0,beauti,3.700439718141092,0,0,0,0,1,0,1,0,0,0,1
bedrock,1,5.940323510018356e-06,17.36102706698669,NN,NN,0,bedrock,3.700439718141092,0,0,0,0,0,0,1,0,0,1,1
beer,1,5.940323510018356e-06,17.36102706698669,NN,NN,0,beer,3.700439718141092,0,0,0,0,1,0,1,0,0,0,1
beg,1,5.940323510018356e-06,17.36102706698669,NN,NN,0,beg,3.700439718141092,0,0,0,0,0,1,0,1,0,0,-1
behemoth,1,5.940323510018356e-06,17.36102706698669,NN,NN,0,behemoth,3.700439718141092,0,0,0,1,0,1,0,0,0,0,-1
believing,1,5.940323510018356e-06,17.36102706698669,VBG,VB,0,believ,3.700439718141092,0,0,0,0,0,0,1,0,0,1,1
belt,1,5.940323510018356e-06,17.36102706698669,NN,NN,0,belt,3.700439718141092,1,0,0,1,0,1,0,0,0,0,-1
beware,3,1.7820970530055067e-05,15.776064566265534,NN,NN,0,bewar,5.400879436282184,0,1,0,1,0,1,0,0,0,0,-1
bias,4,2.3761294040073423e-05,15.36102706698669,NN,NN,0,bia,5.400879436282184,1,0,0,0,0,1,0,0,0,0,-1
birthday,2,1.1880647020036711e-05,16.36102706698669,NN,NN,0,birthday,3.700439718141092,0,1,0,0,1,0,1,0,1,0,1
bitch,2,1.1880647020036711e-05,16.36102706698669,NN,NN,0,bitch,3.700439718141092,1,0,1,1,0,1,0,1,0,0,-1
blatant,2,1.1880647020036711e-05,16.36102706698669,NN,NN,0,blatant,5.400879436282184,1,0,1,0,0,1,0,0,0,0,-1
bleeding,4,2.3761294040073423e-05,15.36102706698669,NN,NN,0,bleed,6.801758872564369,0,0,1,1,0,1,0,1,0,0,-1
bless,3,1.7820970530055067e-05,15.776064566265534,NN,NN,0,bless,5.400879436282184,0,1,0,0,1,0,1,0,0,1,1
bloody,2,1.1880647020036711e-05,16.36102706698669,NN,NN,0,bloodi,3.700439718141092,1,0,1,1,0,1,0,1,0,0,-1
bomb,1,5.940323510018356e-06,17.36102706698669,NN,NN,0,bomb,3.700439718141092,1,0,0,1,0,1,0,1,1,0,-1
bonus,3,1.7820970530055067e-05,15.776064566265534,NN,NN,0,bonu,5.400879436282184,0,1,0,0,1,0,1,0,1,0,1
boomerang,1,5.940323510018356e-06,17.36102706698669,NN,NN,0,boomerang,3.700439718141092,0,1,0,0,0,0,0,0,0,1,0
bottom,32,0.00019009035232058738,12.36102706698669,NN,NN,0,bottom,6.692863304519616,0,0,0,0,0,1,0,1,0,0,-1
bout,1,5.940323510018356e-06,17.36102706698669,NN,NN,0,bout,3.700439718141092,1,0,0,0,0,1,0,0,0,0,-1
boy,7,4.158226457012849e-05,14.553672144929086,NN,NN,0,boy,6.346431652259807,0,0,1,0,0,1,0,0,0,0,-1
breakup,3,1.7820970530055067e-05,15.776064566265534,NN,NN,0,breakup,6.346431652259807,0,0,0,0,0,1,0,1,0,0,-1
bride,1,5.940323510018356e-06,17.36102706698669,NN,NN,0,bride,3.700439718141092,0,1,0,0,1,0,1,0,0,1,1
brilliant,1,5.940323510018356e-06,17.36102706698669,NN,NN,0,brilliant,3.700439718141092,0,1,0,0,1,0,1,0,0,1,1
broke,16,9.504517616029369e-05,13.36102706698669,NN,NN,0,broke,6.692863304519616,0,0,0,1,0,1,0,1,0,0,-1
broken,7,4.158226457012849e-05,14.553672144929086,NN,NN,0,broken,6.801758872564369,1,0,0,1,0,1,0,1,0,0,-1
brother,2,1.1880647020036711e-05,16.36102706698669,NN,NN,0,brother,5.400879436282184,0,0,0,0,0,0,1,0,0,1,1
brutal,1,5.940323510018356e-06,17.36102706698669,NN,NN,0,brutal,3.700439718141092,1,0,0,1,0,1,0,0,0,0,-1
buck,3,1.7820970530055067e-05,15.776064566265534,NN,NN,0,buck,6.346431652259807,0,0,0,1,0,1,1,0,1,0,0
buddy,5,2.970161755009178e-05,15.039098972099328,NN,NN,0,buddi,6.346431652259807,0,1,0,0,1,0,1,0,0,1,1
buffet,11,6.53435586102019e-05,13.901595448349394,NN,NN,0,buffet,6.801758872564369,1,0,0,0,0,1,0,0,0,0,-1
burnt,1,5.940323510018356e-06,17.36102706698669,NN,NN,0,burnt,3.700439718141092,0,0,1,0,0,1,0,0,0,0,-1
buzz,1,5.940323510018356e-06,17.36102706698669,NN,NN,0,buzz,3.700439718141092,0,1,0,1,0,0,1,0,0,0,1
cad,1,5.940323510018356e-06,17.36102706698669,NN,NN,0,cad,3.700439718141092,1,0,1,0,0,1,0,0,0,0,-1
calculator,1,5.940323510018356e-06,17.36102706698669,NN,NN,0,calcul,3.700439718141092,0,0,0,0,0,0,1,0,0,1,1
calls,305,0.0018117986705555986,9.108361634536442,NNS,NN,0,call,5.6035177451287375,0,1,0,0,0,1,0,0,0,1,-1
cancel,1,5.940323510018356e-06,17.36102706698669,NN,NN,0,cancel,3.700439718141092,0,0,0,0,0,1,0,1,0,0,-1
cap,94,0.0005583904099417254,10.806438215309052,NN,NN,0,cap,4.774632450289018,0,1,0,0,0,0,0,0,0,1,0
career,3,1.7820970530055067e-05,15.776064566265534,NN,NN,0,career,5.400879436282184,0,1,0,0,0,0,1,0,0,0,1
case,94,0.0005583904099417254,10.806438215309052,NN,NN,0,case,1.3857266090392306,0,0,0,1,0,1,0,1,0,0,-1
cash,151,0.0008969888500127717,10.122622327661611,NN,NN,0,cash,2.651089094541745,1,1,0,1,1,0,1,0,0,1,1
cautious,4,2.3761294040073423e-05,15.36102706698669,JJ,JJ,0,cautiou,6.346431652259807,0,1,0,1,0,0,1,0,0,1,1
celebrating,1,5.940323510018356e-06,17.36102706698669,VBG,VB,0,celebr,3.700439718141092,0,1,0,0,1,0,1,0,0,0,1
cement,1,5.940323510018356e-06,17.36102706698669,NN,NN,0,cement,3.700439718141092,0,1,0,0,0,0,0,0,0,1,0
center,5,2.970161755009178e-05,15.039098972099328,NN,NN,0,center,6.346431652259807,0,0,0,0,0,0,1,0,0,1,1
chairman,2,1.1880647020036711e-05,16.36102706698669,NN,NN,0,chairman,5.400879436282184,0,0,0,0,0,0,1,0,0,1,1
champion,1,5.940323510018356e-06,17.36102706698669,NN,NN,0,champion,3.700439718141092,0,1,0,0,1,0,1,0,0,1,1
cheering,1,5.940323510018356e-06,17.36102706698669,VBG,VB,0,cheer,3.700439718141092,0,0,0,0,1,0,1,0,0,0,1
cherish,1,5.940323510018356e-06,17.36102706698669,NN,NN,0,cherish,3.700439718141092,0,1,0,0,1,0,1,0,1,1,1
clean,4,2.3761294040073423e-05,15.36102706698669,NN,NN,0,clean,6.346431652259807,0,0,0,0,1,0,1,0,0,1,1
combat,1,5.940323510018356e-06,17.36102706698669,NN,NN,0,combat,3.700439718141092,1,0,0,1,0,1,0,0,0,0,-1
committed,2,1.1880647020036711e-05,16.36102706698669,VBN,VB,0,commit,5.400879436282184,0,0,0,0,0,0,1,0,0,1,1
communicate,3,1.7820970530055067e-05,15.776064566265534,NN,NN,0,commun,5.400879436282184,0,0,0,0,0,0,1,0,0,1,1
competition,12,7.128388212022027e-05,13.776064566265534,NN,NN,0,competit,6.692863304519616,0,1,0,0,0,1,0,0,0,0,-1
complaint,3,1.7820970530055067e-05,15.776064566265534,NN,NN,0,complaint,3.700439718141092,1,0,0,0,0,1,0,0,0,0,-1
compliment,2,1.1880647020036711e-05,16.36102706698669,NN,NN,0,compliment,3.700439718141092,0,1,0,0,1,0,1,0,1,1,1
concerned,6,3.5641941060110134e-05,14.776064566265534,JJ,JJ,0,concern,6.801758872564369,0,0,0,1,0,0,0,1,0,0,0
confidence,11,6.53435586102019e-05,13.901595448349394,NN,NN,0,confid,6.892558116268649,0,0,0,1,1,0,1,0,0,1,1
confident,8,4.7522588080146845e-05,14.36102706698669,NN,NN,0,confid,6.801758872564369,0,0,0,0,1,0,1,0,0,1,1
confirmed,9,5.34629115901652e-05,14.191102065544378,VBN,VB,0,confirm,6.892558116268649,0,0,0,0,0,0,1,0,0,1,1
confusion,1,5.940323510018356e-06,17.36102706698669,NN,NN,0,confus,3.700439718141092,1,0,0,1,0,1,0,0,0,0,-1
congress,3,1.7820970530055067e-05,15.776064566265534,NN,NN,0,congress,6.346431652259807,0,0,1,0,0,0,0,0,0,1,0
conscience,1,5.940323510018356e-06,17.36102706698669,NN,NN,0,conscienc,3.700439718141092,0,0,0,0,0,0,1,0,0,1,1
console,2,1.1880647020036711e-05,16.36102706698669,NN,NN,0,consol,5.400879436282184,0,0,0,0,0,0,1,1,0,0,1
constant,5,2.970161755009178e-05,15.039098972099328,JJ,JJ,0,constant,6.346431652259807,0,0,0,0,0,0,1,0,0,1,1
contamination,1,5.940323510018356e-06,17.36102706698669,NN,NN,0,contamin,3.700439718141092,0,0,1,0,0,1,0,0,0,0,-1
content,35,0.00020791132285064246,12.231744050041723,NN,NN,0,content,6.251593572584417,0,0,0,0,1,0,1,0,0,1,1
continue,115,0.0006831372036521109,10.515537016042314,NN,NN,0,continu,1.3857266090392306,0,1,0,0,0,0,1,0,0,1,1
convince,2,1.1880647020036711e-05,16.36102706698669,NN,NN,0,convinc,5.400879436282184,0,1,0,0,0,0,1,0,0,1,1
cough,1,5.940323510018356e-06,17.36102706698669,NN,NN,0,cough,3.700439718141092,0,0,1,0,0,1,0,0,0,0,-1
counsel,1,5.940323510018356e-06,17.36102706698669,NN,NN,0,counsel,3.700439718141092,0,0,0,0,0,0,1,0,0,1,1
count,4,2.3761294040073423e-05,15.36102706698669,NN,NN,0,count,6.346431652259807,0,0,0,0,0,0,1,0,0,1,1
court,17,0.00010098549967031204,13.27356422573635,NN,NN,0,court,6.251593572584417,1,1,0,1,0,0,0,0,0,0,0
cracked,2,1.1880647020036711e-05,16.36102706698669,VBN,VB,0,crack,3.700439718141092,1,0,0,1,0,1,0,0,0,0,-1
crap,3,1.7820970530055067e-05,15.776064566265534,NN,NN,0,crap,6.346431652259807,0,0,1,0,0,1,0,0,0,0,-1
crash,20,0.00011880647020036711,13.039098972099328,NN,NN,0,crash,6.692863304519616,0,0,0,1,0,1,0,1,1,0,-1
crawl,1,5.940323510018356e-06,17.36102706698669,NN,NN,0,crawl,3.700439718141092,0,0,1,0,0,1,0,0,0,0,-1
crazy,24,0.00014256776424044054,12.776064566265534,NN,NN,0,crazi,4.774632450289018,1,0,0,1,0,1,0,1,0,0,-1
create,11,6.53435586102019e-05,13.901595448349394,NN,NN,0,creat,6.251593572584417,0,0,0,0,1,0,1,0,0,0,1
credibility,1,5.940323510018356e-06,17.36102706698669,NN,NN,0,credibl,3.700439718141092,0,0,0,0,0,0,1,0,0,1,1
credit,40,0.00023761294040073423,12.039098972099328,NN,NN,0,credit,6.892558116268649,0,0,0,0,0,0,1,0,0,1,1
cripple,1,5.940323510018356e-06,17.36102706698669,NN,NN,0,crippl,3.700439718141092,0,0,0,1,0,1,0,1,0,0,-1
criticism,2,1.1880647020036711e-05,16.36102706698669,NN,NN,0,critic,3.700439718141092,1,0,0,0,0,1,0,1,0,0,-1
criticize,1,5.940323510018356e-06,17.36102706698669,VB,VB,0,critic,3.700439718141092,1,0,1,1,0,1,0,1,0,0,-1
cross,5,2.970161755009178e-05,15.039098972099328,NN,NN,0,cross,6.346431652259807,1,0,0,1,0,1,0,1,0,0,-1
crucial,1,5.940323510018356e-06,17.36102706698669,JJ,JJ,0,crucial,3.700439718141092,0,0,0,0,0,0,1,0,0,1,1
crude,2,1.1880647020036711e-05,16.36102706698669,NN,NN,0,crude,5.400879436282184,0,0,1,0,0,1,0,0,0,0,-1
crunch,6,3.5641941060110134e-05,14.776064566265534,NN,NN,0,crunch,6.801758872564369,1,0,0,0,0,1,0,0,0,0,-1
crushed,9,5.34629115901652e-05,14.191102065544378,VBN,VB,0,crush,6.346431652259807,1,0,1,1,0,1,0,1,0,0,-1
crushing,5,2.970161755009178e-05,15.039098972099328,VBG,VB,0,crush,6.346431652259807,1,0,1,1,0,1,0,0,0,0,-1
crying,1,5.940323510018356e-06,17.36102706698669,VBG,VB,0,cri,3.700439718141092,0,0,0,0,0,1,0,1,0,0,-1
cult,2,1.1880647020036711e-05,16.36102706698669,NN,NN,0,cult,5.400879436282184,0,0,0,1,0,1,0,0,0,0,-1
cutting,2,1.1880647020036711e-05,16.36102706698669,VBG,VB,0,cut,5.400879436282184,1,0,1,1,0,1,0,1,0,0,-1
dabbling,1,5.940323510018356e-06,17.36102706698669,VBG,VB,0,dabbl,3.700439718141092,1,0,1,0,0,1,0,0,0,0,-1
damage,1,5.940323510018356e-06,17.36102706698669,NN,NN,0,damag,3.700439718141092,1,0,1,0,0,1,0,1,0,0,-1
damages,1,5.940323510018356e-06,17.36102706698669,NNS,NN,0,damag,3.700439718141092,0,0,0,0,0,1,0,1,0,0,-1
damn,7,4.158226457012849e-05,14.553672144929086,NN,NN,0,damn,6.346431652259807,1,0,1,0,0,1,0,0,0,0,-1
dance,2,1.1880647020036711e-05,16.36102706698669,NN,NN,0,danc,3.700439718141092,0,0,0,0,1,0,1,0,0,1,1
dangerous,1,5.940323510018356e-06,17.36102706698669,JJ,JJ,0,danger,3.700439718141092,0,0,0,1,0,1,0,0,0,0,-1
dare,1,5.940323510018356e-06,17.36102706698669,NN,NN,0,dare,3.700439718141092,0,1,0,0,0,0,0,0,0,1,0
deal,31,0.00018415002881056903,12.406830756599815,NN,NN,0,deal,6.692863304519616,0,1,0,0,1,0,1,0,1,1,1
death,2,1.1880647020036711e-05,16.36102706698669,NN,NN,0,death,3.700439718141092,1,1,1,1,0,1,0,1,1,0,-1
debacle,1,5.940323510018356e-06,17.36102706698669,NN,NN,0,debacl,3.700439718141092,0,0,0,1,0,1,0,1,0,0,-1
debt,37,0.00021979196987067915,12.15157370135774,NN,NN,0,debt,6.892558116268649,0,0,0,0,0,1,0,1,0,0,-1
decay,14,8.316452914025698e-05,13.553672144929086,NN,NN,0,decay,6.346431652259807,0,0,0,1,0,1,0,1,0,0,-1
default,6,3.5641941060110134e-05,14.776064566265534,NN,NN,0,default,6.892558116268649,0,0,1,1,0,1,0,1,0,0,-1
defect,4,2.3761294040073423e-05,15.36102706698669,NN,NN,0,defect,6.346431652259807,1,0,0,0,0,1,0,0,0,0,-1
defend,4,2.3761294040073423e-05,15.36102706698669,NN,NN,0,defend,6.801758872564369,0,0,0,1,0,0,1,0,0,0,1
defendant,2,1.1880647020036711e-05,16.36102706698669,NN,NN,0,defend,3.700439718141092,1,0,0,1,0,0,0,1,0,0,0
degrading,1,5.940323510018356e-06,17.36102706698669,VBG,VB,0,degrad,3.700439718141092,0,0,1,1,0,1,0,1,0,0,-1
delay,1,5.940323510018356e-06,17.36102706698669,NN,NN,0,delay,3.700439718141092,1,0,1,1,0,1,0,1,0,0,-1
delicious,3,1.7820970530055067e-05,15.776064566265534,JJ,JJ,0,delici,3.700439718141092,0,0,0,0,1,0,1,0,0,0,1
delivery,12,7.128388212022027e-05,13.776064566265534,NN,NN,0,deliveri,6.801758872564369,0,1,0,0,0,0,1,0,0,0,1
demand,76,0.000451464586761395,11.113099553543105,NN,NN,0,demand,5.6035177451287375,1,0,0,0,0,1,0,0,0,0,-1
demolish,1,5.940323510018356e-06,17.36102706698669,NN,NN,0,demolish,3.700439718141092,1,0,0,0,0,1,0,1,0,0,-1
demonstrative,1,5.940323510018356e-06,17.36102706698669,NN,NN,0,demonstr,3.700439718141092,0,0,0,0,1,0,1,1,0,0,1
deny,1,5.940323510018356e-06,17.36102706698669,NN,NN,0,deni,3.700439718141092,1,0,0,0,0,1,0,0,0,0,-1
depend,4,2.3761294040073423e-05,15.36102706698669,NN,NN,0,depend,6.346431652259807,0,1,0,0,0,0,0,0,0,1,0
dependent,3,1.7820970530055067e-05,15.776064566265534,NN,NN,0,depend,5.400879436282184,0,0,0,0,0,1,1,0,0,1,0
depreciation,1,5.940323510018356e-06,17.36102706698669,NN,NN,0,depreci,3.700439718141092,0,0,0,1,0,1,0,0,0,0,-1
depress,1,5.940323510018356e-06,17.36102706698669,NN,NN,0,depress,3.700439718141092,0,0,0,1,0,1,0,1,0,0,-1
depressed,1,5.940323510018356e-06,17.36102706698669,JJ,JJ,0,depress,3.700439718141092,1,0,0,1,0,1,0,1,0,0,-1
depression,1,5.940323510018356e-06,17.36102706698669,NN,NN,0,depress,3.700439718141092,0,0,0,0,0,1,0,1,0,0,-1
depth,1,5.940323510018356e-06,17.36102706698669,NN,NN,0,depth,3.700439718141092,0,0,0,0,0,0,1,0,0,1,1
deserve,2,1.1880647020036711e-05,16.36102706698669,NN,NN,0,deserv,3.700439718141092,1,1,0,0,0,0,1,0,0,1,1
destroyed,1,5.940323510018356e-06,17.36102706698669,NN,NN,0,destroy,3.700439718141092,1,0,0,1,0,1,0,1,0,0,-1
destroying,1,5.940323510018356e-06,17.36102706698669,VBG,VB,0,destroy,3.700439718141092,1,0,0,1,0,1,0,1,0,0,-1
destruction,1,5.940323510018356e-06,17.36102706698669,NN,NN,0,destruct,3.700439718141092,1,0,0,0,0,1,0,0,0,0,-1
deterioration,1,5.940323510018356e-06,17.36102706698669,NN,NN,0,deterior,3.700439718141092,1,0,1,1,0,1,0,1,0,0,-1
determination,1,5.940323510018356e-06,17.36102706698669,NN,NN,0,determin,3.700439718141092,0,0,0,0,0,0,1,0,0,1,1
develop,10,5.940323510018356e-05,14.039098972099328,VB,VB,0,develop,6.346431652259807,0,1,0,0,0,0,1,0,0,0,1
diagnosis,1,5.940323510018356e-06,17.36102706698669,NN,NN,0,diagnosi,3.700439718141092,0,1,0,1,0,1,0,0,0,1,-1
diamond,5,2.970161755009178e-05,15.039098972099328,NN,NN,0,diamond,6.346431652259807,0,0,0,0,1,0,1,0,0,0,1
die,2,1.1880647020036711e-05,16.36102706698669,NN,NN,0,die,5.400879436282184,0,0,0,1,0,1,0,1,0,0,-1
difficulty,2,1.1880647020036711e-05,16.36102706698669,NN,NN,0,difficulti,5.400879436282184,1,0,0,1,0,1,0,1,0,0,-1
diligence,5,2.970161755009178e-05,15.039098972099328,NN,NN,0,dilig,6.346431652259807,0,0,0,0,0,0,1,0,0,1,1
director,3,1.7820970530055067e-05,15.776064566265534,NN,NN,0,director,3.700439718141092,0,0,0,0,0,0,1,0,0,1,1
dirt,1,5.940323510018356e-06,17.36102706698669,NN,NN,0,dirt,3.700439718141092,0,0,1,0,0,1,0,0,0,0,-1
dirty,1,5.940323510018356e-06,17.36102706698669,NN,NN,0,dirti,3.700439718141092,0,0,1,0,0,1,0,0,0,0,-1
disability,1,5.940323510018356e-06,17.36102706698669,NN,NN,0,disabl,3.700439718141092,0,0,0,0,0,1,0,1,0,0,-1
disabled,2,1.1880647020036711e-05,16.36102706698669,JJ,JJ,0,disabl,5.400879436282184,0,0,0,1,0,1,0,1,0,0,-1
disagree,3,1.7820970530055067e-05,15.776064566265534,NN,NN,0,disagre,5.400879436282184,1,0,0,0,0,1,0,0,0,0,-1
disappoint,6,3.5641941060110134e-05,14.776064566265534,NN,NN,0,disappoint,6.801758872564369,1,0,1,0,0,1,0,1,0,0,-1
disappointed,8,4.7522588080146845e-05,14.36102706698669,JJ,JJ,0,disappoint,6.346431652259807,1,0,1,0,0,1,0,1,0,0,-1
disappointing,1,5.940323510018356e-06,17.36102706698669,VBG,VB,0,disappoint,3.700439718141092,0,0,0,0,0,1,0,1,0,0,-1
disappointment,1,5.940323510018356e-06,17.36102706698669,NN,NN,0,disappoint,3.700439718141092,0,0,1,0,0,1,0,1,0,0,-1
disaster,3,1.7820970530055067e-05,15.776064566265534,NN,NN,0,disast,3.700439718141092,1,0,1,1,0,1,0,1,1,0,-1
discipline,1,5.940323510018356e-06,17.36102706698669,NN,NN,0,disciplin,3.700439718141092,0,0,0,1,0,1,0,0,0,0,-1
discord,3,1.7820970530055067e-05,15.776064566265534,NN,NN,0,discord,6.346431652259807,1,0,1,0,0,1,0,0,0,0,-1
disgraceful,4,2.3761294040073423e-05,15.36102706698669,NN,NN,0,disgrac,6.801758872564369,1,0,1,0,0,1,0,0,0,0,-1
disgusting,4,2.3761294040073423e-05,15.36102706698669,VBG,VB,0,disgust,6.346431652259807,1,0,1,1,0,1,0,0,0,0,-1
dishonest,1,5.940323510018356e-06,17.36102706698669,NN,NN,0,dishonest,3.700439718141092,1,0,1,0,0,1,0,1,0,0,-1
dislike,1,5.940323510018356e-06,17.36102706698669,NN,NN,0,dislik,3.700439718141092,1,0,1,0,0,1,0,0,0,0,-1
dismissal,1,5.940323510018356e-06,17.36102706698669,NN,NN,0,dismiss,3.700439718141092,1,0,1,1,0,1,0,1,1,0,-1
disparity,1,5.940323510018356e-06,17.36102706698669,NN,NN,0,dispar,3.700439718141092,1,0,1,0,0,1,0,1,0,0,-1
disruption,3,1.7820970530055067e-05,15.776064566265534,NN,NN,0,disrupt,6.346431652259807,1,0,0,1,0,1,0,0,1,0,-1
distress,1,5.940323510018356e-06,17.36102706698669,NN,NN,0,distress,3.700439718141092,1,0,1,1,0,1,0,1,1,0,-1
divergent,1,5.940323510018356e-06,17.36102706698669,NN,NN,0,diverg,3.700439718141092,0,0,0,0,0,1,0,0,1,0,-1
diverse,3,1.7820970530055067e-05,15.776064566265534,NN,NN,0,divers,5.400879436282184,0,0,0,0,0,1,1,0,0,0,0
doctor,1,5.940323510018356e-06,17.36102706698669,NN,NN,0,doctor,3.700439718141092,0,0,0,0,0,0,1,0,0,1,1
dominant,2,1.1880647020036711e-05,16.36102706698669,NN,NN,0,domin,5.400879436282184,0,0,0,1,0,1,0,0,0,0,-1
dominate,2,1.1880647020036711e-05,16.36102706698669,NN,NN,0,domin,5.400879436282184,1,0,0,1,0,1,1,0,0,0,0
doubt,13,7.722420563023862e-05,13.660587348845597,NN,NN,0,doubt,6.892558116268649,0,0,0,1,0,1,0,1,0,1,-1
dumps,1,5.940323510018356e-06,17.36102706698669,NNS,NN,0,dump,3.700439718141092,1,0,0,0,0,1,0,1,0,0,-1
durable,2,1.1880647020036711e-05,16.36102706698669,JJ,JJ,0,durabl,5.400879436282184,0,0,0,0,0,0,1,0,0,1,1
dying,1,5.940323510018356e-06,17.36102706698669,VBG,VB,0,die,3.700439718141092,1,0,1,1,0,1,0,1,0,0,-1
eager,4,2.3761294040073423e-05,15.36102706698669,NN,NN,0,eager,6.346431652259807,0,1,0,0,1,0,1,0,1,1,1
ecstatic,1,5.940323510018356e-06,17.36102706698669,JJ,JJ,0,ecstat,3.700439718141092,0,1,0,0,1,0,1,0,1,0,1
educational,1,5.940323510018356e-06,17.36102706698669,JJ,JJ,0,educ,3.700439718141092,0,0,0,0,0,0,1,0,0,1,1
effective,12,7.128388212022027e-05,13.776064566265534,JJ,JJ,0,effect,6.801758872564369,0,0,0,0,0,0,1,0,0,1,1
efficient,3,1.7820970530055067e-05,15.776064566265534,NN,NN,0,effici,6.346431652259807,0,1,0,0,0,0,1,0,0,1,1
electric,41,0.00024355326391075258,12.003475062368606,JJ,JJ,0,electr,6.892558116268649,0,0,0,0,1,0,1,0,1,0,1
emergency,5,2.970161755009178e-05,15.039098972099328,NN,NN,0,emerg,6.346431652259807,0,0,0,1,0,1,0,1,1,0,-1
enable,1,5.940323510018356e-06,17.36102706698669,JJ,JJ,0,enabl,3.700439718141092,0,0,0,0,0,0,1,0,0,1,1
encourage,1,5.940323510018356e-06,17.36102706698669,NN,NN,0,encourag,3.700439718141092,0,0,0,0,1,0,1,0,0,1,1
endless,2,1.1880647020036711e-05,16.36102706698669,NN,NN,0,endless,5.400879436282184,1,0,0,1,1,1,1,1,0,1,0
engaging,1,5.940323510018356e-06,17.36102706698669,VBG,VB,0,engag,3.700439718141092,0,0,0,0,1,0,1,0,0,1,1
enjoy,5,2.970161755009178e-05,15.039098972099328,NN,NN,0,enjoy,6.346431652259807,0,1,0,0,1,0,1,0,0,1,1
enjoying,1,5.940323510018356e-06,17.36102706698669,VBG,VB,0,enjoy,3.700439718141092,0,1,0,0,1,0,1,0,0,1,1
entertained,1,5.940323510018356e-06,17.36102706698669,VBN,VB,0,entertain,3.700439718141092,0,0,0,0,1,0,1,0,0,0,1
entertaining,3,1.7820970530055067e-05,15.776064566265534,VBG,VB,0,entertain,6.346431652259807,0,1,0,0,1,0,1,0,0,0,1
entertainment,2,1.1880647020036711e-05,16.36102706698669,NN,NN,0,entertain,5.400879436282184,0,1,0,0,1,0,1,0,1,1,1
erotic,1,5.940323510018356e-06,17.36102706698669,JJ,JJ,0,erot,3.700439718141092,0,1,0,0,1,1,1,0,1,1,0
established,5,2.970161755009178e-05,15.039098972099328,VBN,VB,0,establish,6.346431652259807,0,0,0,0,1,0,1,0,0,0,1
eviction,1,5.940323510018356e-06,17.36102706698669,NN,NN,0,evict,3.700439718141092,1,0,1,1,0,1,0,1,0,0,-1
exceed,3,1.7820970530055067e-05,15.776064566265534,NN,NN,0,exceed,5.400879436282184,0,1,0,0,1,0,1,0,0,0,1
excel,2,1.1880647020036711e-05,16.36102706698669,NN,NN,0,excel,5.400879436282184,0,1,0,0,1,0,1,0,1,1,1
excellent,5,2.970161755009178e-05,15.039098972099328,NN,NN,0,excel,6.801758872564369,0,0,0,0,1,0,1,0,0,1,1
exchange,5,2.970161755009178e-05,15.039098972099328,NN,NN,0,exchang,6.801758872564369,0,0,0,0,0,0,1,0,0,1,1
excited,6,3.5641941060110134e-05,14.776064566265534,VBN,VB,0,excit,6.801758872564369,0,1,0,0,1,0,1,0,1,1,1
excitement,3,1.7820970530055067e-05,15.776064566265534,NN,NN,0,excit,6.346431652259807,0,1,0,0,1,0,1,0,1,0,1
exciting,7,4.158226457012849e-05,14.553672144929086,VBG,VB,0,excit,6.346431652259807,0,1,0,0,1,0,1,0,1,0,1
excluding,1,5.940323510018356e-06,17.36102706698669,VBG,VB,0,exclud,3.700439718141092,0,0,0,0,0,1,0,1,0,0,-1
execution,1,5.940323510018356e-06,17.36102706698669,NN,NN,0,execut,3.700439718141092,1,0,0,1,0,1,0,1,0,1,-1
exhaustion,1,5.940323510018356e-06,17.36102706698669,NN,NN,0,exhaust,3.700439718141092,0,1,0,0,0,1,0,1,0,0,-1
expect,105,0.0006237339685519274,10.646781549320567,VB,VB,0,expect,3.7851162325372982,0,1,0,0,0,0,1,0,1,1,1
expectation,7,4.158226457012849e-05,14.553672144929086,NN,NN,0,expect,6.801758872564369,0,1,0,0,0,0,1,0,0,0,1
experienced,12,7.128388212022027e-05,13.776064566265534,JJ,JJ,0,experienc,6.801758872564369,0,0,0,0,0,0,1,0,0,1,1
expert,5,2.970161755009178e-05,15.039098972099328,NN,NN,0,expert,6.346431652259807,0,0,0,0,0,0,1,0,0,1,1
expire,14,8.316452914025698e-05,13.553672144929086,NN,NN,0,expir,6.346431652259807,0,0,0,0,0,1,0,1,0,0,-1
explain,13,7.722420563023862e-05,13.660587348845597,NN,NN,0,explain,6.692863304519616,0,0,0,0,0,0,1,0,0,1,1
explode,1,5.940323510018356e-06,17.36102706698669,NN,NN,0,explod,3.700439718141092,1,0,0,1,0,1,0,1,1,0,-1
explosion,1,5.940323510018356e-06,17.36102706698669,NN,NN,0,explos,3.700439718141092,0,0,0,1,0,1,0,0,1,0,-1
explosive,4,2.3761294040073423e-05,15.36102706698669,JJ,JJ,0,explos,6.801758872564369,1,1,0,1,0,1,0,0,1,0,-1
fabrication,1,5.940323510018356e-06,17.36102706698669,NN,NN,0,fabric,3.700439718141092,0,0,0,0,0,1,0,0,0,1,-1
facts,3,1.7820970530055067e-05,15.776064566265534,NNS,NN,0,fact,5.400879436282184,0,0,0,0,0,0,1,0,0,1,1
failing,1,5.940323510018356e-06,17.36102706698669,VBG,VB,0,fail,3.700439718141092,1,1,0,1,0,1,0,1,0,0,-1
failure,1,5.940323510018356e-06,17.36102706698669,NN,NN,0,failur,3.700439718141092,0,0,1,1,0,1,0,1,0,0,-1
fairly,16,9.504517616029369e-05,13.36102706698669,RB,RB,0,fairli,6.692863304519616,0,0,0,0,0,0,1,0,0,1,1
faith,3,1.7820970530055067e-05,15.776064566265534,NN,NN,0,faith,5.400879436282184,0,1,0,0,1,0,1,0,0,1,1
fall,33,0.00019603067583060573,12.316632947628236,NN,NN,0,fall,5.6035177451287375,0,0,0,0,0,1,0,1,0,0,-1
falling,15,8.910485265027533e-05,13.454136471378172,VBG,VB,0,fall,6.892558116268649,0,0,0,0,0,1,0,1,0,0,-1
familiar,3,1.7820970530055067e-05,15.776064566265534,JJ,JJ,0,familiar,5.400879436282184,0,0,0,0,0,0,1,0,0,1,1
fancy,1,5.940323510018356e-06,17.36102706698669,NN,NN,0,fanci,3.700439718141092,0,1,0,0,1,0,1,0,0,0,1
fat,3,1.7820970530055067e-05,15.776064566265534,NN,NN,0,fat,3.700439718141092,0,0,1,0,0,1,0,1,0,0,-1
fate,1,5.940323510018356e-06,17.36102706698669,NN,NN,0,fate,3.700439718141092,0,1,0,0,0,1,0,0,0,0,-1
fault,2,1.1880647020036711e-05,16.36102706698669,NN,NN,0,fault,5.400879436282184,0,0,0,0,0,1,0,1,0,0,-1
favorable,13,7.722420563023862e-05,13.660587348845597,JJ,JJ,0,favor,6.692863304519616,0,1,0,0,1,0,1,0,1,1,1
favorite,5,2.970161755009178e-05,15.039098972099328,NN,NN,0,favorit,5.400879436282184,0,0,0,0,1,0,1,0,0,1,1
fear,9,5.34629115901652e-05,14.191102065544378,NN,NN,0,fear,6.692863304519616,1,0,0,1,0,1,0,0,0,0,-1
fearful,1,5.940323510018356e-06,17.36102706698669,NN,NN,0,fear,3.700439718141092,0,0,0,1,0,1,0,1,0,0,-1
fearing,1,5.940323510018356e-06,17.36102706698669,VBG,VB,0,fear,3.700439718141092,0,0,0,1,0,1,0,0,0,0,-1
fearless,1,5.940323510018356e-06,17.36102706698669,NN,NN,0,fearless,3.700439718141092,0,0,0,1,0,0,1,0,0,0,1
fee,9,5.34629115901652e-05,14.191102065544378,NN,NN,0,fee,6.801758872564369,1,0,0,0,0,1,0,0,0,0,-1
feeling,12,7.128388212022027e-05,13.776064566265534,VBG,VB,0,feel,6.346431652259807,1,1,1,1,1,1,1,1,1,1,0
fell,17,0.00010098549967031204,13.27356422573635,VBD,VB,0,fell,6.892558116268649,0,0,0,0,0,1,0,1,0,0,-1
fellow,7,4.158226457012849e-05,14.553672144929086,NN,NN,0,fellow,6.346431652259807,0,0,0,0,0,0,1,0,0,1,1
fib,8,4.7522588080146845e-05,14.36102706698669,NN,NN,0,fib,5.400879436282184,1,0,0,0,0,1,0,0,0,0,-1
fidelity,6,3.5641941060110134e-05,14.776064566265534,NN,NN,0,fidel,5.400879436282184,0,0,0,0,1,0,1,0,0,1,1
fight,4,2.3761294040073423e-05,15.36102706698669,NN,NN,0,fight,5.400879436282184,1,0,0,1,0,1,0,0,0,0,-1
fighting,4,2.3761294040073423e-05,15.36102706698669,VBG,VB,0,fight,5.400879436282184,1,0,0,0,0,1,0,0,0,0,-1
filthy,1,5.940323510018356e-06,17.36102706698669,NN,NN,0,filthi,3.700439718141092,0,0,1,0,0,1,0,0,0,0,-1
finally,42,0.0002494935874207709,11.96870964420793,RB,RB,0,final,6.251593572584417,0,1,1,0,1,0,1,0,1,1,1
fits,2,1.1880647020036711e-05,16.36102706698669,NNS,NN,0,fit,3.700439718141092,1,0,0,0,0,1,0,0,0,0,-1
fitting,1,5.940323510018356e-06,17.36102706698669,NN,NN,0,fit,3.700439718141092,0,1,0,0,1,0,1,0,0,1,1
flaw,1,5.940323510018356e-06,17.36102706698669,NN,NN,0,flaw,3.700439718141092,0,0,0,0,0,1,0,1,0,0,-1
flop,2,1.1880647020036711e-05,16.36102706698669,NN,NN,0,flop,3.700439718141092,0,0,1,0,0,1,0,1,0,0,-1
flu,1,5.940323510018356e-06,17.36102706698669,NN,NN,0,flu,3.700439718141092,0,0,0,1,0,1,0,0,0,0,-1
flying,7,4.158226457012849e-05,14.553672144929086,VBG,VB,0,fli,6.801758872564369,0,0,0,1,0,0,1,0,0,0,1
food,5,2.970161755009178e-05,15.039098972099328,NN,NN,0,food,6.801758872564369,0,0,0,0,1,0,1,0,0,1,1
fool,3,1.7820970530055067e-05,15.776064566265534,NN,NN,0,fool,6.346431652259807,0,0,1,0,0,1,0,0,0,0,-1
force,3,1.7820970530055067e-05,15.776064566265534,NN,NN,0,forc,6.346431652259807,1,0,0,1,0,1,0,0,0,0,-1
forced,2,1.1880647020036711e-05,16.36102706698669,VBN,VB,0,forc,5.400879436282184,0,0,0,1,0,1,0,0,0,0,-1
forecast,23,0.0001366274407304222,12.837465110929678,NN,NN,0,forecast,6.692863304519616,0,1,0,0,0,0,0,0,0,1,0
foreclose,1,5.940323510018356e-06,17.36102706698669,NN,NN,0,foreclos,3.700439718141092,0,0,0,1,0,1,0,1,0,0,-1
foresee,1,5.940323510018356e-06,17.36102706698669,NN,NN,0,forese,3.700439718141092,0,1,0,0,0,0,1,0,1,1,1
foreseen,1,5.940323510018356e-06,17.36102706698669,NN,NN,0,foreseen,3.700439718141092,0,1,0,0,0,0,1,0,0,0,1
forgotten,2,1.1880647020036711e-05,16.36102706698669,NNS,NN,0,forgotten,3.700439718141092,0,0,0,1,0,1,0,1,0,0,-1
fortress,1,5.940323510018356e-06,17.36102706698669,NN,NN,0,fortress,3.700439718141092,0,0,0,1,0,0,1,1,0,1,1
fortune,12,7.128388212022027e-05,13.776064566265534,NN,NN,0,fortun,6.801758872564369,0,1,0,0,1,0,1,0,1,1,1
found,43,0.0002554339109307893,11.934762312284592,NN,NN,0,found,2.651089094541745,0,0,0,0,1,0,1,0,0,1,1
fraud,2,1.1880647020036711e-05,16.36102706698669,NN,NN,0,fraud,5.400879436282184,1,0,0,0,0,1,0,0,0,0,-1
freakish,1,5.940323510018356e-06,17.36102706698669,JJ,JJ,0,freakish,3.700439718141092,0,0,1,1,0,1,0,0,1,0,-1
friend,11,6.53435586102019e-05,13.901595448349394,NN,NN,0,friend,6.892558116268649,0,0,0,0,1,0,1,0,0,1,1
fully,5,2.970161755009178e-05,15.039098972099328,RB,RB,0,fulli,6.801758872564369,0,0,0,0,0,0,1,0,0,1,1
fun,18,0.0001069258231803304,13.191102065544378,NN,NN,0,fun,6.801758872564369,0,1,0,0,1,0,1,0,0,0,1
fundamental,16,9.504517616029369e-05,13.36102706698669,JJ,JJ,0,fundament,6.692863304519616,0,0,0,0,0,0,1,0,0,1,1
furious,1,5.940323510018356e-06,17.36102706698669,JJ,JJ,0,furiou,3.700439718141092,1,0,1,0,0,1,0,0,0,0,-1
fuss,1,5.940323510018356e-06,17.36102706698669,NN,NN,0,fuss,3.700439718141092,1,0,0,0,0,1,0,1,0,0,-1
gain,59,0.000350479087091083,11.47838401762485,NN,NN,0,gain,4.774632450289018,0,1,0,0,1,0,1,0,0,0,1
gambler,3,1.7820970530055067e-05,15.776064566265534,NN,NN,0,gambler,5.400879436282184,0,1,0,0,0,1,0,0,1,0,-1
gambling,5,2.970161755009178e-05,15.039098972099328,VBG,VB,0,gambl,5.400879436282184,0,1,0,0,0,1,0,0,1,0,-1
gang,21,0.00012474679371038546,12.96870964420793,NN,NN,0,gang,6.892558116268649,1,0,0,1,0,1,0,0,0,0,-1
garbage,1,5.940323510018356e-06,17.36102706698669,NN,NN,0,garbag,3.700439718141092,0,0,1,0,0,1,0,0,0,0,-1
general,53,0.00031483714603097284,11.633106612423491,JJ,JJ,0,gener,4.774632450289018,0,0,0,0,0,0,1,0,0,1,1
generosity,1,5.940323510018356e-06,17.36102706698669,NN,NN,0,generos,3.700439718141092,0,1,0,0,1,0,1,0,1,1,1
generous,2,1.1880647020036711e-05,16.36102706698669,JJ,JJ,0,gener,5.400879436282184,0,0,0,0,1,0,1,0,0,1,1
gift,3,1.7820970530055067e-05,15.776064566265534,NN,NN,0,gift,5.400879436282184,0,1,0,0,1,0,1,0,1,0,1
giggle,1,5.940323510018356e-06,17.36102706698669,NN,NN,0,giggl,3.700439718141092,0,0,0,0,1,0,1,0,0,0,1
glad,2,1.1880647020036711e-05,16.36102706698669,NN,NN,0,glad,5.400879436282184,0,1,0,0,1,0,1,0,0,0,1
glory,3,1.7820970530055067e-05,15.776064566265534,NN,NN,0,glori,3.700439718141092,0,1,0,0,1,0,1,0,0,1,1
god,9,5.34629115901652e-05,14.191102065544378,NN,NN,0,god,6.346431652259807,0,1,0,1,1,0,1,0,0,1,1
good,315,0.001871201905655782,9.06181904859941,JJ,JJ,0,good,0.0,0,1,0,0,1,0,1,0,1,1,1
goodness,1,5.940323510018356e-06,17.36102706698669,NN,NN,0,good,3.700439718141092,0,1,0,0,1,0,1,0,1,1,1
gore,4,2.3761294040073423e-05,15.36102706698669,NN,NN,0,gore,3.700439718141092,1,0,1,1,0,1,0,1,0,0,-1
government,13,7.722420563023862e-05,13.660587348845597,NN,NN,0,govern,6.692863304519616,0,0,0,1,0,1,0,0,0,0,-1
grab,2,1.1880647020036711e-05,16.36102706698669,NN,NN,0,grab,5.400879436282184,1,0,0,0,0,1,0,0,0,0,-1
grasping,1,5.940323510018356e-06,17.36102706698669,VBG,VB,0,grasp,3.700439718141092,0,1,0,0,0,1,0,0,0,0,-1
grave,1,5.940323510018356e-06,17.36102706698669,NN,NN,0,grave,3.700439718141092,0,0,0,1,0,1,0,1,0,0,-1
gray,1,5.940323510018356e-06,17.36102706698669,NN,NN,0,gray,3.700439718141092,0,0,1,0,0,0,0,1,0,0,0
greed,3,1.7820970530055067e-05,15.776064566265534,NN,NN,0,greed,6.346431652259807,1,0,1,0,0,1,0,0,0,0,-1
greedy,2,1.1880647020036711e-05,16.36102706698669,NN,NN,0,greedi,5.400879436282184,0,0,1,0,0,1,0,0,0,0,-1
green,55,0.00032671779305100954,11.57966735346203,JJ,JJ,0,green,6.692863304519616,0,0,0,0,1,0,1,0,0,1,1
gross,28,0.00016632905828051396,12.553672144929086,JJ,JJ,0,gross,6.692863304519616,0,0,1,0,0,1,0,0,0,0,-1
grounded,3,1.7820970530055067e-05,15.776064566265534,VBN,VB,0,ground,6.346431652259807,0,0,0,1,0,1,0,1,0,0,-1
grow,49,0.00029107585199089945,11.74631722287148,NN,NN,0,grow,3.7851162325372982,0,1,0,0,1,0,1,0,0,1,1
guarantee,10,5.940323510018356e-05,14.039098972099328,NN,NN,0,guarante,5.400879436282184,0,0,0,0,0,0,1,0,0,1,1
guidance,55,0.00032671779305100954,11.57966735346203,NN,NN,0,guidanc,5.6035177451287375,0,0,0,0,0,0,1,0,0,1,1
guide,3,1.7820970530055067e-05,15.776064566265534,NN,NN,0,guid,5.400879436282184,0,0,0,0,0,0,1,0,0,1,1
gun,1,5.940323510018356e-06,17.36102706698669,NN,NN,0,gun,3.700439718141092,1,0,0,1,0,1,0,0,0,0,-1
hail,1,5.940323510018356e-06,17.36102706698669,NN,NN,0,hail,3.700439718141092,0,0,0,0,0,1,1,0,0,1,0
hanging,5,2.970161755009178e-05,15.039098972099328,VBG,VB,0,hang,6.892558116268649,1,0,1,1,0,1,0,1,0,0,-1
happily,1,5.940323510018356e-06,17.36102706698669,RB,RB,0,happili,3.700439718141092,0,0,0,0,1,0,1,0,0,0,1
happy,23,0.0001366274407304222,12.837465110929678,JJ,JJ,0,happi,5.6035177451287375,0,1,0,0,1,0,1,0,0,1,1
harm,4,2.3761294040073423e-05,15.36102706698669,NN,NN,0,harm,6.346431652259807,0,0,0,1,0,1,0,0,0,0,-1
harry,2,1.1880647020036711e-05,16.36102706698669,NN,NN,0,harri,3.700439718141092,1,0,0,0,0,1,0,1,0,0,-1
harvest,1,5.940323510018356e-06,17.36102706698669,NN,NN,0,harvest,3.700439718141092,0,1,0,0,1,0,1,0,0,0,1
hate,14,8.316452914025698e-05,13.553672144929086,NN,NN,0,hate,6.346431652259807,1,0,1,1,0,1,0,1,0,0,-1
haven,2,1.1880647020036711e-05,16.36102706698669,NN,NN,1,haven,5.400879436282184,0,0,0,0,0,0,1,0,0,1,1
hearing,6,3.5641941060110134e-05,14.776064566265534,NN,NN,0,hear,5.400879436282184,0,0,0,1,0,1,0,0,0,0,-1
heavens,1,5.940323510018356e-06,17.36102706698669,NNS,NN,0,heaven,3.700439718141092,0,0,0,0,1,0,1,0,0,1,1
hell,4,2.3761294040073423e-05,15.36102706698669,NN,NN,0,hell,5.400879436282184,1,0,1,1,0,1,0,1,0,0,-1
helpful,4,2.3761294040073423e-05,15.36102706698669,NN,NN,0,help,6.346431652259807,0,0,0,0,1,0,1,0,0,1,1
hero,2,1.1880647020036711e-05,16.36102706698669,NN,NN,0,hero,3.700439718141092,0,1,0,0,1,0,1,0,1,1,1
hideous,1,5.940323510018356e-06,17.36102706698669,JJ,JJ,0,hideou,3.700439718141092,0,0,1,1,0,1,0,1,0,0,-1
highest,16,9.504517616029369e-05,13.36102706698669,JJS,JJ,0,highest,6.801758872564369,0,1,0,1,1,1,1,0,1,0,0
hilarious,3,1.7820970530055067e-05,15.776064566265534,JJ,JJ,0,hilari,3.700439718141092,0,0,0,0,1,0,1,0,1,0,1
hire,1,5.940323510018356e-06,17.36102706698669,NN,NN,0,hire,3.700439718141092,0,1,0,0,1,0,1,0,0,1,1
hit,69,0.00040988232219126654,11.252502610208522,NN,NN,0,hit,6.251593572584417,1,0,0,0,0,1,0,0,0,0,-1
hobby,1,5.940323510018356e-06,17.36102706698669,NN,NN,0,hobbi,3.700439718141092,0,0,0,0,1,0,1,0,0,0,1
holiday,14,8.316452914025698e-05,13.553672144929086,NN,NN,0,holiday,6.692863304519616,0,1,0,0,1,0,1,0,0,0,1
hollow,1,5.940323510018356e-06,17.36102706698669,NN,NN,0,hollow,3.700439718141092,0,0,0,0,0,1,0,1,0,0,-1
honest,2,1.1880647020036711e-05,16.36102706698669,NN,NN,0,honest,5.400879436282184,1,0,1,1,1,0,1,1,0,1,1
hood,1,5.940323510018356e-06,17.36102706698669,NN,NN,0,hood,3.700439718141092,1,0,1,1,0,1,0,0,0,0,-1
hope,67,0.00039800167517122984,11.294937876528918,NN,NN,0,hope,5.6035177451287375,0,1,0,0,1,0,1,0,1,1,1
horizon,3,1.7820970530055067e-05,15.776064566265534,NN,NN,0,horizon,5.400879436282184,0,1,0,0,0,0,1,0,0,0,1
horrible,2,1.1880647020036711e-05,16.36102706698669,JJ,JJ,0,horribl,5.400879436282184,1,0,1,1,0,1,0,0,0,0,-1
hug,1,5.940323510018356e-06,17.36102706698669,NN,NN,0,hug,3.700439718141092,0,0,0,0,1,0,1,0,0,1,1
humble,1,5.940323510018356e-06,17.36102706698669,JJ,JJ,0,humbl,3.700439718141092,0,0,1,0,0,1,1,1,0,0,0
hungry,1,5.940323510018356e-06,17.36102706698669,NN,NN,0,hungri,3.700439718141092,0,1,0,0,0,1,0,0,0,0,-1
hurt,6,3.5641941060110134e-05,14.776064566265534,NN,NN,0,hurt,6.346431652259807,1,0,0,1,0,1,0,1,0,0,-1
hurting,4,2.3761294040073423e-05,15.36102706698669,VBG,VB,0,hurt,6.346431652259807,1,0,0,1,0,1,0,1,0,0,-1
hype,20,0.00011880647020036711,13.039098972099328,NN,NN,0,hype,6.892558116268649,0,1,0,0,0,1,0,0,0,0,-1
hypothesis,1,5.940323510018356e-06,17.36102706698669,NN,NN,0,hypothesi,3.700439718141092,0,1,0,0,0,0,0,0,1,0,0
hysteria,1,5.940323510018356e-06,17.36102706698669,NN,NN,0,hysteria,3.700439718141092,0,0,0,1,0,1,0,0,0,0,-1
idiot,4,2.3761294040073423e-05,15.36102706698669,NN,NN,0,idiot,5.400879436282184,0,0,1,0,0,1,0,0,0,0,-1
ill,61,0.0003623597341111197,11.430289729423803,NN,NN,0,ill,6.251593572584417,1,0,1,1,0,1,0,1,0,0,-1
illegal,1,5.940323510018356e-06,17.36102706698669,JJ,JJ,0,illeg,3.700439718141092,1,0,1,1,0,1,0,1,0,0,-1
illness,5,2.970161755009178e-05,15.039098972099328,NN,NN,0,ill,6.346431652259807,0,0,0,1,0,1,0,1,0,0,-1
immediately,4,2.3761294040073423e-05,15.36102706698669,RB,RB,0,immedi,5.400879436282184,0,1,0,0,0,1,1,0,0,0,0
impart,1,5.940323510018356e-06,17.36102706698669,NN,NN,0,impart,3.700439718141092,0,0,0,0,0,0,1,0,0,1,1
implicate,3,1.7820970530055067e-05,15.776064566265534,NN,NN,0,implic,6.346431652259807,1,0,0,0,0,1,0,0,0,0,-1
importance,4,2.3761294040073423e-05,15.36102706698669,NN,NN,0,import,3.700439718141092,0,1,0,0,0,0,1,0,0,0,1
important,33,0.00019603067583060573,12.316632947628236,JJ,JJ,0,import,3.7851162325372982,0,0,0,0,0,0,1,0,0,1,1
impossible,4,2.3761294040073423e-05,15.36102706698669,JJ,JJ,0,imposs,6.346431652259807,0,0,0,0,0,1,0,1,0,0,-1
improve,12,7.128388212022027e-05,13.776064566265534,VB,VB,0,improv,6.892558116268649,0,1,0,0,1,0,1,0,0,1,1
inadequate,1,5.940323510018356e-06,17.36102706698669,NN,NN,0,inadequ,3.700439718141092,0,0,0,0,0,1,0,1,0,0,-1
incase,1,5.940323510018356e-06,17.36102706698669,NN,NN,0,incas,3.700439718141092,1,0,1,1,0,1,0,1,0,0,-1
income,52,0.00030889682252095447,11.660587348845597,NN,NN,0,incom,4.774632450289018,0,1,0,0,1,1,1,1,0,1,0
indestructible,1,5.940323510018356e-06,17.36102706698669,JJ,JJ,0,indestruct,3.700439718141092,0,0,0,0,0,0,1,0,0,1,1
inferior,1,5.940323510018356e-06,17.36102706698669,NN,NN,0,inferior,3.700439718141092,0,0,0,0,0,1,0,1,0,0,-1
infinity,1,5.940323510018356e-06,17.36102706698669,NN,NN,0,infin,3.700439718141092,0,1,0,0,1,0,1,0,0,1,1
inflation,11,6.53435586102019e-05,13.901595448349394,NN,NN,0,inflat,6.892558116268649,0,0,0,1,0,1,0,0,0,0,-1
influence,2,1.1880647020036711e-05,16.36102706698669,NN,NN,0,influenc,5.400879436282184,0,0,0,0,0,1,1,0,0,0,0
influential,2,1.1880647020036711e-05,16.36102706698669,JJ,JJ,0,influenti,3.700439718141092,0,0,0,0,0,0,1,0,0,1,1
inheritance,1,5.940323510018356e-06,17.36102706698669,NN,NN,0,inherit,3.700439718141092,0,1,0,0,1,0,1,0,1,1,1
inquiry,1,5.940323510018356e-06,17.36102706698669,NN,NN,0,inquiri,3.700439718141092,0,1,0,0,0,0,1,0,0,0,1
insane,30,0.00017820970530055066,12.454136471378172,NN,NN,0,insan,6.692863304519616,1,0,0,1,0,1,0,0,0,0,-1
instructions,2,1.1880647020036711e-05,16.36102706698669,NNS,NN,0,instruct,5.400879436282184,0,1,0,0,0,0,0,0,0,1,0
insure,1,5.940323510018356e-06,17.36102706698669,NN,NN,0,insur,3.700439718141092,0,0,0,0,0,0,1,0,0,1,1
intact,1,5.940323510018356e-06,17.36102706698669,JJ,JJ,0,intact,3.700439718141092,0,0,0,0,0,0,1,0,0,1,1
intelligence,3,1.7820970530055067e-05,15.776064566265534,NN,NN,0,intellig,5.400879436282184,0,0,0,1,1,0,1,0,0,1,1
intelligent,3,1.7820970530055067e-05,15.776064566265534,NN,NN,0,intellig,5.400879436282184,0,0,0,0,0,0,1,0,0,1,1
intended,2,1.1880647020036711e-05,16.36102706698669,VBN,VB,0,intend,5.400879436282184,0,1,0,0,0,0,1,0,0,0,1
intense,2,1.1880647020036711e-05,16.36102706698669,NN,NN,0,intens,5.400879436282184,1,0,1,1,1,1,1,0,1,1,0
interested,19,0.00011286614669034875,13.113099553543105,JJ,JJ,0,interest,6.251593572584417,0,0,1,0,0,0,1,1,0,0,1
intuition,1,5.940323510018356e-06,17.36102706698669,NN,NN,0,intuit,3.700439718141092,0,0,0,0,0,0,1,0,0,1,1
iron,20,0.00011880647020036711,13.039098972099328,NN,NN,0,iron,6.801758872564369,0,0,0,0,0,0,1,0,0,1,1
irrational,1,5.940323510018356e-06,17.36102706698669,JJ,JJ,0,irrat,3.700439718141092,0,0,1,1,0,1,0,0,0,0,-1
jerk,1,5.940323510018356e-06,17.36102706698669,NN,NN,0,jerk,3.700439718141092,1,0,0,0,0,0,0,0,1,0,0
john,3,1.7820970530055067e-05,15.776064566265534,NN,NN,0,john,6.346431652259807,0,0,1,0,0,1,0,0,0,0,-1
joy,2,1.1880647020036711e-05,16.36102706698669,NN,NN,0,joy,3.700439718141092,0,0,0,0,1,0,1,0,0,0,1
jubilee,1,5.940323510018356e-06,17.36102706698669,NN,NN,0,jubile,3.700439718141092,0,0,0,0,1,0,1,0,1,0,1
jump,9,5.34629115901652e-05,14.191102065544378,NN,NN,0,jump,6.692863304519616,0,0,0,0,1,0,1,0,0,0,1
khan,1,5.940323510018356e-06,17.36102706698669,NN,NN,0,khan,3.700439718141092,0,0,0,1,0,0,0,0,0,1,0
kick,1,5.940323510018356e-06,17.36102706698669,NN,NN,0,kick,3.700439718141092,1,0,0,0,0,1,0,0,0,0,-1
kill,4,2.3761294040073423e-05,15.36102706698669,NN,NN,0,kill,5.400879436282184,0,0,0,1,0,1,0,1,0,0,-1
killing,7,4.158226457012849e-05,14.553672144929086,VBG,VB,0,kill,5.400879436282184,1,0,0,1,0,1,0,1,0,0,-1
kind,23,0.0001366274407304222,12.837465110929678,NN,NN,0,kind,6.892558116268649,0,0,0,0,1,0,1,0,0,1,1
kudos,1,5.940323510018356e-06,17.36102706698669,NN,NN,0,kudo,3.700439718141092,0,0,0,0,1,0,1,0,0,0,1
lagging,5,2.970161755009178e-05,15.039098972099328,VBG,VB,0,lag,6.346431652259807,1,1,1,0,0,1,0,1,0,0,-1
larger,22,0.0001306871172204038,12.901595448349394,JJR,JJ,0,larger,5.6035177451287375,0,0,1,0,0,0,0,0,1,1,0
late,32,0.00019009035232058738,12.36102706698669,RB,RB,0,late,6.251593572584417,0,0,0,0,0,1,0,1,0,0,-1
laugh,1,5.940323510018356e-06,17.36102706698669,NN,NN,0,laugh,3.700439718141092,0,0,0,0,1,0,1,0,1,0,1
laughable,2,1.1880647020036711e-05,16.36102706698669,JJ,JJ,0,laughabl,5.400879436282184,0,0,1,0,0,1,0,0,0,0,-1
laughing,2,1.1880647020036711e-05,16.36102706698669,VBG,VB,0,laugh,3.700439718141092,0,0,0,0,1,0,1,0,0,0,1
launch,47,0.0002791952049708627,11.806438215309052,NN,NN,0,launch,6.251593572584417,0,1,0,0,0,0,1,0,0,0,1
lawsuit,16,9.504517616029369e-05,13.36102706698669,NN,NN,0,lawsuit,6.251593572584417,1,0,1,1,0,1,0,1,1,0,-1
lawyer,1,5.940323510018356e-06,17.36102706698669,NN,NN,0,lawyer,3.700439718141092,1,0,1,1,0,1,0,0,0,0,-1
lax,3,1.7820970530055067e-05,15.776064566265534,NN,NN,0,lax,6.346431652259807,0,0,0,0,0,1,0,1,0,0,-1
leader,8,4.7522588080146845e-05,14.36102706698669,NN,NN,0,leader,6.801758872564369,0,0,0,0,0,0,1,0,0,1,1
leave,36,0.0002138516463606608,12.191102065544378,VB,VB,0,leav,6.251593572584417,0,0,0,0,0,1,0,1,1,0,-1
legal,5,2.970161755009178e-05,15.039098972099328,JJ,JJ,0,legal,6.346431652259807,0,0,0,0,0,0,1,0,0,1,1
legalized,3,1.7820970530055067e-05,15.776064566265534,VBN,VB,0,legal,6.346431652259807,1,0,0,1,1,0,1,0,0,1,1
leisure,1,5.940323510018356e-06,17.36102706698669,NN,NN,0,leisur,3.700439718141092,0,1,0,0,1,0,1,0,1,1,1
lessen,2,1.1880647020036711e-05,16.36102706698669,NN,NN,0,lessen,5.400879436282184,0,1,0,0,0,1,0,0,0,0,-1
lesson,8,4.7522588080146845e-05,14.36102706698669,NN,NN,0,lesson,6.801758872564369,0,1,0,0,0,0,1,0,0,1,1
level,56,0.0003326581165610279,11.553672144929086,NN,NN,0,level,3.7851162325372982,0,0,0,0,0,0,1,0,0,1,1
liberal,2,1.1880647020036711e-05,16.36102706698669,JJ,JJ,0,liber,3.700439718141092,0,0,0,0,0,1,1,0,0,0,0
lick,1,5.940323510018356e-06,17.36102706698669,NN,NN,0,lick,3.700439718141092,0,0,1,0,0,1,0,0,0,0,-1
lie,1,5.940323510018356e-06,17.36102706698669,NN,NN,0,lie,3.700439718141092,1,0,1,0,0,1,0,1,0,0,-1
liking,2,1.1880647020036711e-05,16.36102706698669,VBG,VB,0,like,5.400879436282184,0,0,0,0,1,0,1,0,0,1,1
limited,6,3.5641941060110134e-05,14.776064566265534,JJ,JJ,0,limit,6.346431652259807,1,0,0,0,0,1,0,1,0,0,-1
longing,2,1.1880647020036711e-05,16.36102706698669,NN,NN,0,long,5.400879436282184,0,1,0,0,0,0,0,1,0,0,0
lord,3,1.7820970530055067e-05,15.776064566265534,NN,NN,0,lord,3.700439718141092,0,0,1,0,0,1,1,0,0,1,0
lose,32,0.00019009035232058738,12.36102706698669,VB,VB,0,lose,5.6035177451287375,1,0,1,1,0,1,0,1,1,0,-1
losing,61,0.0003623597341111197,11.430289729423803,VBG,VB,0,lose,5.6035177451287375,1,0,0,0,0,1,0,1,0,0,-1
loss,62,0.00036830005762113807,11.406830756599815,NN,NN,0,loss,5.6035177451287375,1,0,0,1,0,1,0,1,0,0,-1
lost,34,0.00020197099934062408,12.27356422573635,VBN,VB,0,lost,6.251593572584417,0,0,0,0,0,1,0,1,0,0,-1
love,46,0.0002732548814608444,11.837465110929678,NN,NN,0,love,5.6035177451287375,0,0,0,0,1,0,1,0,0,0,1
lower,96,0.0005702710569617621,10.776064566265534,JJR,JJ,0,lower,2.651089094541745,0,0,0,0,0,1,0,1,0,0,-1
lowest,7,4.158226457012849e-05,14.553672144929086,JJS,JJ,0,lowest,6.346431652259807,0,0,0,0,0,1,0,1,0,0,-1
lowly,1,5.940323510018356e-06,17.36102706698669,RB,RB,0,lowli,3.700439718141092,0,0,0,0,0,1,0,1,0,0,-1
loyal,8,4.7522588080146845e-05,14.36102706698669,NN,NN,0,loyal,6.892558116268649,0,0,0,1,1,0,1,0,1,1,1
loyalty,1,5.940323510018356e-06,17.36102706698669,NN,NN,0,loyalti,3.700439718141092,0,0,0,0,0,0,1,0,0,1,1
luck,13,7.722420563023862e-05,13.660587348845597,NN,NN,0,luck,6.801758872564369,0,1,0,0,1,0,1,0,1,0,1
lucky,5,2.970161755009178e-05,15.039098972099328,JJ,JJ,0,lucki,6.801758872564369,0,0,0,0,1,0,1,0,1,0,1
luxury,8,4.7522588080146845e-05,14.36102706698669,NN,NN,0,luxuri,6.346431652259807,0,0,0,0,1,0,1,0,0,0,1
lying,1,5.940323510018356e-06,17.36102706698669,VBG,VB,0,lie,3.700439718141092,1,0,1,0,0,1,0,0,0,0,-1
lynch,2,1.1880647020036711e-05,16.36102706698669,NN,NN,0,lynch,3.700439718141092,1,0,1,1,0,1,0,1,0,0,-1
mad,3,1.7820970530055067e-05,15.776064566265534,NN,NN,0,mad,6.346431652259807,1,0,1,1,0,1,0,1,0,0,-1
madness,1,5.940323510018356e-06,17.36102706698669,NN,NN,0,mad,3.700439718141092,1,0,0,1,0,1,0,0,0,0,-1
maggot,1,5.940323510018356e-06,17.36102706698669,NN,NN,0,maggot,3.700439718141092,0,0,1,0,0,1,0,0,0,0,-1
magical,2,1.1880647020036711e-05,16.36102706698669,JJ,JJ,0,magic,3.700439718141092,0,1,0,0,1,0,1,0,1,0,1
magnet,1,5.940323510018356e-06,17.36102706698669,NN,NN,0,magnet,3.700439718141092,0,0,0,0,0,0,1,0,0,1,1
majority,12,7.128388212022027e-05,13.776064566265534,NN,NN,0,major,6.692863304519616,0,0,0,0,1,0,1,0,0,1,1
manage,9,5.34629115901652e-05,14.191102065544378,NN,NN,0,manag,6.892558116268649,0,0,0,0,0,0,1,0,0,1,1
management,6,3.5641941060110134e-05,14.776064566265534,NN,NN,0,manag,5.400879436282184,0,0,0,0,0,0,1,0,0,1,1
manipulation,2,1.1880647020036711e-05,16.36102706698669,NN,NN,0,manipul,3.700439718141092,1,0,0,1,0,1,0,0,0,0,-1
margin,40,0.00023761294040073423,12.039098972099328,NN,NN,0,margin,6.251593572584417,0,0,0,0,0,1,0,1,0,0,-1
masochism,1,5.940323510018356e-06,17.36102706698669,NN,NN,0,masoch,3.700439718141092,1,0,1,1,0,1,0,0,0,0,-1
massacre,4,2.3761294040073423e-05,15.36102706698669,NN,NN,0,massacr,3.700439718141092,1,0,1,1,0,1,0,1,0,0,-1
measured,1,5.940323510018356e-06,17.36102706698669,VBN,VB,0,measur,3.700439718141092,0,0,0,0,0,0,1,0,0,1,1
medical,2,1.1880647020036711e-05,16.36102706698669,JJ,JJ,0,medic,3.700439718141092,0,1,0,1,0,0,1,0,0,1,1
merit,1,5.940323510018356e-06,17.36102706698669,NN,NN,0,merit,3.700439718141092,0,0,0,0,0,0,1,0,0,1,1
mess,4,2.3761294040073423e-05,15.36102706698669,NN,NN,0,mess,5.400879436282184,0,0,1,0,0,1,0,0,0,0,-1
miserably,1,5.940323510018356e-06,17.36102706698669,RB,RB,0,miser,3.700439718141092,0,0,0,0,0,1,0,1,0,0,-1
misfortune,2,1.1880647020036711e-05,16.36102706698669,NN,NN,0,misfortun,5.400879436282184,0,0,0,1,0,1,0,1,0,0,-1
missing,13,7.722420563023862e-05,13.660587348845597,VBG,VB,0,miss,6.892558116268649,0,0,0,1,0,1,0,1,0,0,-1
mistake,7,4.158226457012849e-05,14.553672144929086,NN,NN,0,mistak,6.892558116268649,0,0,0,0,0,1,0,1,0,0,-1
misunderstanding,1,5.940323510018356e-06,17.36102706698669,VBG,VB,0,misunderstand,3.700439718141092,1,0,0,0,0,1,0,1,0,0,-1
mockery,1,5.940323510018356e-06,17.36102706698669,NN,NN,0,mockeri,3.700439718141092,0,0,1,0,0,1,0,0,0,0,-1
modest,9,5.34629115901652e-05,14.191102065544378,JJ,JJ,0,modest,6.801758872564369,0,0,0,0,0,0,1,0,0,1,1
momentum,28,0.00016632905828051396,12.553672144929086,NN,NN,0,momentum,3.7851162325372982,0,1,0,0,0,0,1,0,0,0,1
monetary,1,5.940323510018356e-06,17.36102706698669,JJ,JJ,0,monetari,3.700439718141092,0,1,0,0,0,0,1,0,0,0,1
money,228,0.0013543937602841852,9.528137052821949,NN,NN,0,money,4.774632450289018,1,1,0,0,1,0,1,0,1,1,1
monster,8,4.7522588080146845e-05,14.36102706698669,NN,NN,0,monster,6.801758872564369,0,0,0,1,0,1,0,0,0,0,-1
moody,2,1.1880647020036711e-05,16.36102706698669,NN,NN,0,moodi,3.700439718141092,1,0,0,0,0,1,0,1,0,0,-1
moral,1,5.940323510018356e-06,17.36102706698669,JJ,JJ,0,moral,3.700439718141092,1,0,0,0,0,0,1,0,0,1,1
murderer,1,5.940323510018356e-06,17.36102706698669,NN,NN,0,murder,3.700439718141092,1,0,1,1,0,1,0,1,0,0,-1
music,21,0.00012474679371038546,12.96870964420793,NN,NN,0,music,6.892558116268649,0,0,0,0,1,0,1,1,0,0,1
mystery,3,1.7820970530055067e-05,15.776064566265534,NN,NN,0,mysteri,3.700439718141092,0,1,0,0,0,0,0,0,1,0,0
negative,20,0.00011880647020036711,13.039098972099328,JJ,JJ,0,neg,6.892558116268649,0,0,0,0,0,1,0,1,0,0,-1
nervous,4,2.3761294040073423e-05,15.36102706698669,JJ,JJ,0,nervou,5.400879436282184,0,1,0,1,0,1,0,0,0,0,-1
neutral,24,0.00014256776424044054,12.776064566265534,JJ,JJ,0,neutral,6.692863304519616,0,1,0,0,0,0,0,0,0,1,0
notable,5,2.970161755009178e-05,15.039098972099328,JJ,JJ,0,notabl,6.801758872564369,0,0,0,0,1,0,1,0,0,1,1
nuisance,1,5.940323510018356e-06,17.36102706698669,NN,NN,0,nuisanc,3.700439718141092,1,0,0,0,0,1,0,0,0,0,-1
objective,1,5.940323510018356e-06,17.36102706698669,NN,NN,0,object,3.700439718141092,0,1,0,0,0,0,1,0,0,1,1
obvious,11,6.53435586102019e-05,13.901595448349394,JJ,JJ,0,obviou,6.346431652259807,0,0,0,0,0,0,1,0,0,1,1
officer,4,2.3761294040073423e-05,15.36102706698669,NN,NN,0,offic,6.346431652259807,0,0,0,0,0,0,1,0,0,1,1
offset,9,5.34629115901652e-05,14.191102065544378,NN,NN,0,offset,6.346431652259807,0,1,0,0,0,0,1,0,0,0,1
omen,1,5.940323510018356e-06,17.36102706698669,NNS,NN,0,omen,3.700439718141092,0,1,0,1,0,1,0,0,0,0,-1
operation,1,5.940323510018356e-06,17.36102706698669,NN,NN,0,oper,3.700439718141092,0,0,0,1,0,0,0,0,0,1,0
opportunity,40,0.00023761294040073423,12.039098972099328,NN,NN,0,opportun,6.251593572584417,0,1,0,0,0,0,1,0,0,0,1
opposed,4,2.3761294040073423e-05,15.36102706698669,VBN,VB,0,oppos,6.346431652259807,1,0,0,1,0,1,0,0,0,0,-1
optimism,12,7.128388212022027e-05,13.776064566265534,NN,NN,0,optim,6.346431652259807,0,1,0,0,1,0,1,0,1,1,1
oracle,3,1.7820970530055067e-05,15.776064566265534,NN,NN,0,oracl,6.346431652259807,0,1,0,0,0,0,1,0,0,1,1
organization,2,1.1880647020036711e-05,16.36102706698669,NN,NN,0,organ,3.700439718141092,0,1,0,0,1,0,1,0,1,1,1
outstanding,12,7.128388212022027e-05,13.776064566265534,JJ,JJ,0,outstand,6.892558116268649,0,0,0,0,1,1,1,0,0,0,0
overdue,1,5.940323510018356e-06,17.36102706698669,JJ,JJ,0,overdu,3.700439718141092,0,1,0,0,0,1,0,1,1,0,-1
overpriced,11,6.53435586102019e-05,13.901595448349394,VBN,VB,0,overpr,5.400879436282184,1,0,1,0,0,1,0,1,0,0,-1
pain,4,2.3761294040073423e-05,15.36102706698669,NN,NN,0,pain,6.801758872564369,0,0,0,1,0,1,0,1,0,0,-1
painful,1,5.940323510018356e-06,17.36102706698669,NN,NN,0,pain,3.700439718141092,1,0,1,1,0,1,0,1,0,0,-1
pandemic,27,0.0001603887347704956,12.606139564823222,NN,NN,0,pandem,5.6035177451287375,0,0,0,1,0,1,0,1,0,0,-1
panic,16,9.504517616029369e-05,13.36102706698669,NN,NN,0,panic,6.692863304519616,0,0,0,1,0,1,0,0,0,0,-1
pare,1,5.940323510018356e-06,17.36102706698669,NN,NN,0,pare,3.700439718141092,1,1,0,1,0,1,0,1,0,0,-1
partnership,12,7.128388212022027e-05,13.776064566265534,NN,NN,0,partnership,6.801758872564369,0,0,0,0,0,0,1,0,0,1,1
passionate,1,5.940323510018356e-06,17.36102706698669,NN,NN,0,passion,3.700439718141092,0,1,0,0,1,0,1,0,0,1,1
pathetic,1,5.940323510018356e-06,17.36102706698669,JJ,JJ,0,pathet,3.700439718141092,0,0,1,0,0,1,0,1,0,0,-1
patient,3,1.7820970530055067e-05,15.776064566265534,NN,NN,0,patient,5.400879436282184,0,1,0,0,0,0,1,0,0,0,1
pay,62,0.00036830005762113807,11.406830756599815,NN,NN,0,pay,3.7851162325372982,0,1,0,0,1,0,1,0,0,1,1
peace,1,5.940323510018356e-06,17.36102706698669,NN,NN,0,peac,3.700439718141092,0,1,0,0,1,0,1,0,0,1,1
penalty,2,1.1880647020036711e-05,16.36102706698669,NN,NN,0,penalti,5.400879436282184,1,0,0,1,0,1,0,1,0,0,-1
penetration,1,5.940323510018356e-06,17.36102706698669,NN,NN,0,penetr,3.700439718141092,1,0,0,1,0,1,0,0,0,0,-1
perceive,1,5.940323510018356e-06,17.36102706698669,NN,NN,0,perceiv,3.700439718141092,0,0,0,0,0,0,1,0,0,1,1
perfect,14,8.316452914025698e-05,13.553672144929086,NN,NN,0,perfect,6.892558116268649,0,1,0,0,1,0,1,0,0,1,1
peril,1,5.940323510018356e-06,17.36102706698669,NN,NN,0,peril,3.700439718141092,0,1,0,1,0,1,0,1,0,0,-1
pig,1,5.940323510018356e-06,17.36102706698669,NN,NN,0,pig,3.700439718141092,0,0,1,0,0,1,0,0,0,0,-1
pivot,4,2.3761294040073423e-05,15.36102706698669,NN,NN,0,pivot,6.801758872564369,0,0,0,0,0,0,1,0,0,1,1
planning,44,0.0002613742344408076,11.901595448349394,NN,NN,0,plan,5.6035177451287375,0,1,0,0,0,0,1,0,0,1,1
plunge,3,1.7820970530055067e-05,15.776064566265534,NN,NN,0,plung,6.346431652259807,0,0,0,1,0,1,0,0,0,0,-1
police,4,2.3761294040073423e-05,15.36102706698669,NNS,NN,0,polic,3.700439718141092,0,0,0,1,0,0,1,0,0,1,1
pop,16,9.504517616029369e-05,13.36102706698669,NN,NN,0,pop,6.892558116268649,0,0,0,0,0,1,0,0,1,0,-1
porn,3,1.7820970530055067e-05,15.776064566265534,NN,NN,0,porn,3.700439718141092,0,0,1,0,0,1,0,0,0,0,-1
possessed,2,1.1880647020036711e-05,16.36102706698669,VBN,VB,0,possess,5.400879436282184,1,0,1,1,0,1,0,0,0,0,-1
poverty,1,5.940323510018356e-06,17.36102706698669,NN,NN,0,poverti,3.700439718141092,1,0,1,1,0,1,0,1,0,0,-1
powerful,7,4.158226457012849e-05,14.553672144929086,JJ,JJ,0,power,6.346431652259807,1,1,1,1,1,0,1,0,0,1,1
praise,1,5.940323510018356e-06,17.36102706698669,NN,NN,0,prais,3.700439718141092,0,0,0,0,1,0,1,0,0,1,1
pray,1,5.940323510018356e-06,17.36102706698669,NN,NN,0,pray,3.700439718141092,0,1,0,1,1,0,1,0,1,1,1
precious,1,5.940323510018356e-06,17.36102706698669,JJ,JJ,0,preciou,3.700439718141092,0,1,0,0,1,0,1,0,1,0,1
prefer,5,2.970161755009178e-05,15.039098972099328,NN,NN,0,prefer,6.801758872564369,0,0,0,0,0,0,1,0,0,1,1
prepare,3,1.7820970530055067e-05,15.776064566265534,NN,NN,0,prepar,6.346431652259807,0,1,0,0,0,0,1,0,0,0,1
prepared,2,1.1880647020036711e-05,16.36102706698669,JJ,JJ,0,prepar,5.400879436282184,0,1,0,0,0,0,1,0,0,1,1
present,11,6.53435586102019e-05,13.901595448349394,NN,NN,0,present,6.892558116268649,0,1,0,0,1,0,1,0,1,1,1
preservative,1,5.940323510018356e-06,17.36102706698669,NN,NN,0,preserv,3.700439718141092,0,1,0,0,1,0,1,0,1,1,1
president,2,1.1880647020036711e-05,16.36102706698669,NN,NN,0,presid,5.400879436282184,0,0,0,0,0,0,1,0,0,1,1
prestige,2,1.1880647020036711e-05,16.36102706698669,NN,NN,0,prestig,3.700439718141092,0,0,0,0,1,0,1,0,0,1,1
pretending,1,5.940323510018356e-06,17.36102706698669,VBG,VB,0,pretend,3.700439718141092,1,0,0,0,0,1,0,0,0,0,-1
pretty,111,0.0006593759096120375,10.566611200636585,RB,RB,0,pretti,3.7851162325372982,0,1,0,0,1,0,1,0,0,1,1
prevail,3,1.7820970530055067e-05,15.776064566265534,NN,NN,0,prevail,6.346431652259807,0,1,0,0,1,0,1,0,0,0,1
pride,1,5.940323510018356e-06,17.36102706698669,NN,NN,0,pride,3.700439718141092,0,0,0,0,1,0,1,0,0,0,1
prison,1,5.940323510018356e-06,17.36102706698669,NN,NN,0,prison,3.700439718141092,1,0,0,1,0,1,0,1,0,0,-1
prisoner,1,5.940323510018356e-06,17.36102706698669,NN,NN,0,prison,3.700439718141092,1,0,1,1,0,1,0,1,0,0,-1
problem,7,4.158226457012849e-05,14.553672144929086,NN,NN,0,problem,6.346431652259807,0,0,0,1,0,1,0,1,0,0,-1
production,28,0.00016632905828051396,12.553672144929086,NN,NN,0,product,6.892558116268649,0,1,0,0,0,0,1,0,0,0,1
professional,8,4.7522588080146845e-05,14.36102706698669,JJ,JJ,0,profession,6.801758872564369,0,0,0,0,0,0,1,0,0,1,1
progress,3,1.7820970530055067e-05,15.776064566265534,NN,NN,0,progress,6.346431652259807,0,1,0,0,1,0,1,0,0,0,1
promise,2,1.1880647020036711e-05,16.36102706698669,NN,NN,0,promis,5.400879436282184,0,0,0,0,1,0,1,0,0,1,1
prosper,2,1.1880647020036711e-05,16.36102706698669,NN,NN,0,prosper,5.400879436282184,0,1,0,0,1,0,1,0,0,0,1
prostitution,1,5.940323510018356e-06,17.36102706698669,NN,NN,0,prostitut,3.700439718141092,0,0,1,0,0,1,0,1,0,0,-1
protecting,2,1.1880647020036711e-05,16.36102706698669,VBG,VB,0,protect,5.400879436282184,0,0,0,0,0,0,1,0,0,1,1
proud,2,1.1880647020036711e-05,16.36102706698669,NN,NN,0,proud,5.400879436282184,0,1,0,0,1,0,1,0,0,1,1
provide,21,0.00012474679371038546,12.96870964420793,NN,NN,0,provid,5.6035177451287375,0,0,0,0,0,0,1,0,0,1,1
providing,5,2.970161755009178e-05,15.039098972099328,VBG,VB,0,provid,6.801758872564369,0,1,0,0,1,0,1,0,0,1,1
prudent,2,1.1880647020036711e-05,16.36102706698669,NN,NN,0,prudent,5.400879436282184,0,0,0,0,0,0,1,0,0,1,1
public,12,7.128388212022027e-05,13.776064566265534,NN,NN,0,public,6.692863304519616,0,1,0,0,0,0,1,0,0,0,1
purely,2,1.1880647020036711e-05,16.36102706698669,RB,RB,0,pure,5.400879436282184,0,0,0,0,0,0,1,0,0,1,1
purge,3,1.7820970530055067e-05,15.776064566265534,NN,NN,0,purg,6.346431652259807,0,0,0,1,0,1,0,0,0,0,-1
qualified,2,1.1880647020036711e-05,16.36102706698669,VBN,VB,0,qualifi,5.400879436282184,0,0,0,0,0,0,1,0,0,1,1
questionable,1,5.940323510018356e-06,17.36102706698669,JJ,JJ,0,question,3.700439718141092,0,0,1,0,0,1,0,0,0,0,-1
quiet,4,2.3761294040073423e-05,15.36102706698669,JJ,JJ,0,quiet,5.400879436282184,0,0,0,0,0,0,1,1,0,0,1
quote,2,1.1880647020036711e-05,16.36102706698669,NN,NN,0,quot,3.700439718141092,0,1,0,0,0,1,1,0,1,0,0
rabid,1,5.940323510018356e-06,17.36102706698669,NN,NN,0,rabid,3.700439718141092,1,1,1,1,0,1,0,1,0,0,-1
raging,1,5.940323510018356e-06,17.36102706698669,VBG,VB,0,rage,3.700439718141092,1,0,1,1,0,1,0,0,0,0,-1
rash,1,5.940323510018356e-06,17.36102706698669,NN,NN,0,rash,3.700439718141092,0,0,1,0,0,1,0,0,0,0,-1
rat,4,2.3761294040073423e-05,15.36102706698669,NN,NN,0,rat,3.700439718141092,0,0,1,1,0,1,0,0,0,0,-1
rating,13,7.722420563023862e-05,13.660587348845597,NN,NN,0,rate,6.251593572584417,1,0,0,1,0,1,0,1,0,0,-1
rational,1,5.940323510018356e-06,17.36102706698669,JJ,JJ,0,ration,3.700439718141092,0,0,0,0,0,0,1,0,0,1,1
rave,1,5.940323510018356e-06,17.36102706698669,VB,VB,0,rave,3.700439718141092,1,0,1,0,1,1,1,0,1,1,0
react,4,2.3761294040073423e-05,15.36102706698669,NN,NN,0,react,6.346431652259807,1,0,0,1,0,0,0,0,0,0,0
real,36,0.0002138516463606608,12.191102065544378,JJ,JJ,0,real,4.774632450289018,0,0,0,0,0,0,1,0,0,1,1
reassure,1,5.940323510018356e-06,17.36102706698669,NN,NN,0,reassur,3.700439718141092,0,0,0,0,0,0,1,0,0,1,1
receiving,4,2.3761294040073423e-05,15.36102706698669,VBG,VB,0,receiv,3.700439718141092,0,1,0,0,1,0,1,0,1,0,1
recession,15,8.910485265027533e-05,13.454136471378172,NN,NN,0,recess,6.346431652259807,1,0,1,1,0,1,0,1,0,0,-1
recommend,14,8.316452914025698e-05,13.553672144929086,NN,NN,0,recommend,6.251593572584417,0,0,0,0,0,0,1,0,0,1,1
regret,3,1.7820970530055067e-05,15.776064566265534,NN,NN,0,regret,5.400879436282184,0,0,0,0,0,1,0,1,0,0,-1
regretting,1,5.940323510018356e-06,17.36102706698669,VBG,VB,0,regret,3.700439718141092,0,0,0,0,0,1,0,1,0,0,-1
regulatory,6,3.5641941060110134e-05,14.776064566265534,JJ,JJ,0,regulatori,6.801758872564369,0,0,0,1,0,1,0,0,0,0,-1
rejection,1,5.940323510018356e-06,17.36102706698669,NN,NN,0,reject,3.700439718141092,1,0,1,1,0,1,0,1,0,0,-1
rejoice,1,5.940323510018356e-06,17.36102706698669,NN,NN,0,rejoic,3.700439718141092,0,1,0,0,1,0,1,0,1,1,1
relevant,7,4.158226457012849e-05,14.553672144929086,NN,NN,0,relev,6.346431652259807,0,0,0,0,0,0,1,0,0,1,1
reliability,2,1.1880647020036711e-05,16.36102706698669,NN,NN,0,reliabl,5.400879436282184,0,0,0,0,0,0,1,0,0,1,1
reliable,5,2.970161755009178e-05,15.039098972099328,JJ,JJ,0,reliabl,5.400879436282184,0,0,0,0,0,0,1,0,0,1,1
reluctant,1,5.940323510018356e-06,17.36102706698669,NN,NN,0,reluct,3.700439718141092,0,0,0,1,0,1,0,0,0,0,-1
remains,11,6.53435586102019e-05,13.901595448349394,NNS,NN,0,remain,6.251593572584417,0,0,1,1,0,1,1,0,0,1,0
remove,1,5.940323510018356e-06,17.36102706698669,VB,VB,0,remov,3.700439718141092,1,0,0,1,0,1,0,1,0,0,-1
reputable,1,5.940323510018356e-06,17.36102706698669,JJ,JJ,0,reput,3.700439718141092,0,0,0,0,0,0,1,0,0,1,1
rescue,1,5.940323510018356e-06,17.36102706698669,NN,NN,0,rescu,3.700439718141092,0,1,0,0,1,0,1,0,1,1,1
resistance,37,0.00021979196987067915,12.15157370135774,NN,NN,0,resist,5.6035177451287375,1,0,0,0,0,1,0,0,0,0,-1
resistant,1,5.940323510018356e-06,17.36102706698669,NN,NN,0,resist,3.700439718141092,0,0,0,1,0,1,0,0,0,0,-1
resources,3,1.7820970530055067e-05,15.776064566265534,NNS,NN,0,resourc,5.400879436282184,0,0,0,0,1,0,1,0,0,1,1
respect,2,1.1880647020036711e-05,16.36102706698669,NN,NN,0,respect,3.700439718141092,0,1,0,0,1,0,1,0,0,1,1
respects,1,5.940323510018356e-06,17.36102706698669,NNS,NN,0,respect,3.700439718141092,0,0,0,0,0,0,1,0,0,1,1
restrict,1,5.940323510018356e-06,17.36102706698669,NN,NN,0,restrict,3.700439718141092,0,0,0,0,0,1,0,1,0,0,-1
restriction,1,5.940323510018356e-06,17.36102706698669,NN,NN,0,restrict,3.700439718141092,1,0,0,1,0,1,0,1,0,0,-1
retaliate,1,5.940323510018356e-06,17.36102706698669,NN,NN,0,retali,3.700439718141092,1,0,0,0,0,1,0,0,0,0,-1
retard,12,7.128388212022027e-05,13.776064566265534,NN,NN,0,retard,3.700439718141092,0,0,1,1,0,1,0,1,0,0,-1
retirement,5,2.970161755009178e-05,15.039098972099328,NN,NN,0,retir,6.346431652259807,0,1,0,1,1,1,1,1,0,1,0
reversal,14,8.316452914025698e-05,13.553672144929086,NN,NN,0,revers,6.692863304519616,1,0,1,0,0,1,0,0,1,0,-1
revolution,3,1.7820970530055067e-05,15.776064566265534,NN,NN,0,revolut,3.700439718141092,1,1,0,1,0,1,1,1,1,0,0
reward,30,0.00017820970530055066,12.454136471378172,NN,NN,0,reward,6.692863304519616,0,1,0,0,1,0,1,0,1,1,1
ridiculous,6,3.5641941060110134e-05,14.776064566265534,JJ,JJ,0,ridicul,6.346431652259807,1,0,1,0,0,1,0,0,0,0,-1
ringer,1,5.940323510018356e-06,17.36102706698669,NN,NN,0,ringer,3.700439718141092,1,0,0,0,0,1,0,0,0,0,-1
rising,27,0.0001603887347704956,12.606139564823222,VBG,VB,0,rise,6.251593572584417,0,1,0,0,1,0,1,0,0,0,1
risk,121,0.0007187791447122211,10.442163829712095,NN,NN,0,risk,3.7851162325372982,0,1,0,1,0,1,0,0,0,0,-1
risky,16,9.504517616029369e-05,13.36102706698669,JJ,JJ,0,riski,6.251593572584417,0,1,0,1,0,1,0,0,0,0,-1
rob,1,5.940323510018356e-06,17.36102706698669,NN,NN,0,rob,3.700439718141092,1,0,1,1,0,1,0,1,0,0,-1
row,3,1.7820970530055067e-05,15.776064566265534,NN,NN,0,row,6.346431652259807,1,0,0,0,0,1,0,0,0,0,-1
rule,4,2.3761294040073423e-05,15.36102706698669,NN,NN,0,rule,6.801758872564369,0,0,0,1,0,0,0,0,0,1,0
rumor,6,3.5641941060110134e-05,14.776064566265534,NN,NN,0,rumor,5.400879436282184,0,0,0,0,0,1,0,1,0,0,-1
sadly,1,5.940323510018356e-06,17.36102706698669,RB,RB,0,sadli,3.700439718141092,0,0,0,0,0,1,0,1,0,0,-1
safe,33,0.00019603067583060573,12.316632947628236,JJ,JJ,0,safe,6.251593572584417,0,0,0,0,1,0,1,0,0,1,1
saturated,1,5.940323510018356e-06,17.36102706698669,VBN,VB,0,satur,3.700439718141092,0,0,1,0,0,1,0,0,0,0,-1
save,13,7.722420563023862e-05,13.660587348845597,VB,VB,0,save,6.801758872564369,0,0,0,0,1,0,1,0,0,1,1
scholarship,1,5.940323510018356e-06,17.36102706698669,NN,NN,0,scholarship,3.700439718141092,0,0,0,0,1,0,1,0,0,0,1
scientific,2,1.1880647020036711e-05,16.36102706698669,JJ,JJ,0,scientif,3.700439718141092,0,0,0,0,0,0,1,0,0,1,1
score,4,2.3761294040073423e-05,15.36102706698669,NN,NN,0,score,3.700439718141092,0,1,0,0,1,0,1,0,1,0,1
screwed,2,1.1880647020036711e-05,16.36102706698669,VBN,VB,0,screw,5.400879436282184,1,0,0,0,0,1,0,0,0,0,-1
senseless,1,5.940323510018356e-06,17.36102706698669,NN,NN,0,senseless,3.700439718141092,1,0,1,1,0,1,0,1,1,0,-1
sentence,2,1.1880647020036711e-05,16.36102706698669,NN,NN,0,sentenc,5.400879436282184,1,1,1,1,0,1,0,1,0,0,-1
serve,2,1.1880647020036711e-05,16.36102706698669,NN,NN,0,serv,5.400879436282184,0,0,0,0,0,1,0,0,0,1,-1
shaky,1,5.940323510018356e-06,17.36102706698669,NN,NN,0,shaki,3.700439718141092,1,1,0,1,0,1,0,0,0,0,-1
shame,4,2.3761294040073423e-05,15.36102706698669,NN,NN,0,shame,6.346431652259807,0,0,1,1,0,1,0,1,0,0,-1
share,228,0.0013543937602841852,9.528137052821949,NN,NN,0,share,0.0,0,1,0,0,1,0,1,0,0,1,1
shatter,1,5.940323510018356e-06,17.36102706698669,NN,NN,0,shatter,3.700439718141092,1,0,0,1,0,1,0,1,1,0,-1
shattered,1,5.940323510018356e-06,17.36102706698669,VBN,VB,0,shatter,3.700439718141092,0,0,0,0,0,1,0,1,0,0,-1
shelter,1,5.940323510018356e-06,17.36102706698669,NN,NN,0,shelter,3.700439718141092,0,0,0,0,0,0,1,0,0,1,1
shit,77,0.0004574049102714134,11.094240526291788,NN,NN,0,shit,6.251593572584417,1,0,1,0,0,1,0,0,0,0,-1
shoot,5,2.970161755009178e-05,15.039098972099328,NN,NN,0,shoot,6.801758872564369,1,0,0,1,0,1,0,0,0,0,-1
shooting,1,5.940323510018356e-06,17.36102706698669,VBG,VB,0,shoot,3.700439718141092,1,0,0,1,0,1,0,0,0,0,-1
shopping,6,3.5641941060110134e-05,14.776064566265534,NN,NN,0,shop,5.400879436282184,0,1,0,0,1,0,1,0,1,1,1
shortage,11,6.53435586102019e-05,13.901595448349394,NN,NN,0,shortag,6.692863304519616,1,0,0,1,0,1,0,1,0,0,-1
shot,6,3.5641941060110134e-05,14.776064566265534,NN,NN,0,shot,6.346431652259807,1,0,0,1,0,1,0,1,1,0,-1
shout,8,4.7522588080146845e-05,14.36102706698669,NN,NN,0,shout,5.400879436282184,1,0,0,0,0,0,0,0,1,0,0
shrink,4,2.3761294040073423e-05,15.36102706698669,NN,NN,0,shrink,6.801758872564369,0,0,0,1,0,1,0,1,0,0,-1
silly,2,1.1880647020036711e-05,16.36102706698669,RB,RB,0,silli,5.400879436282184,0,0,0,0,1,1,0,0,0,0,-1
sing,1,5.940323510018356e-06,17.36102706698669,VBG,VB,0,sing,3.700439718141092,0,1,0,0,1,0,1,1,0,1,1
skewed,1,5.940323510018356e-06,17.36102706698669,NN,NN,0,skew,3.700439718141092,1,1,0,0,0,1,0,0,0,0,-1
slam,1,5.940323510018356e-06,17.36102706698669,NN,NN,0,slam,3.700439718141092,1,0,0,1,0,1,0,0,1,0,-1
slave,1,5.940323510018356e-06,17.36102706698669,NN,NN,0,slave,3.700439718141092,1,0,0,1,0,1,0,1,0,0,-1
slip,2,1.1880647020036711e-05,16.36102706698669,NN,NN,0,slip,3.700439718141092,0,0,0,0,0,1,0,0,1,0,-1
slug,1,5.940323510018356e-06,17.36102706698669,NN,NN,0,slug,3.700439718141092,0,0,1,0,0,1,0,0,0,0,-1
slump,6,3.5641941060110134e-05,14.776064566265534,NN,NN,0,slump,6.892558116268649,0,0,0,0,0,1,0,1,0,0,-1
smell,1,5.940323510018356e-06,17.36102706698669,NN,NN,0,smell,3.700439718141092,1,0,1,0,0,1,0,0,0,0,-1
snag,1,5.940323510018356e-06,17.36102706698669,NN,NN,0,snag,3.700439718141092,0,0,0,0,0,1,0,0,1,0,-1
sneak,1,5.940323510018356e-06,17.36102706698669,NN,NN,0,sneak,3.700439718141092,1,0,0,1,0,1,0,0,1,0,-1
socialism,1,5.940323510018356e-06,17.36102706698669,NN,NN,0,social,3.700439718141092,0,0,1,1,0,0,0,0,0,0,0
sore,2,1.1880647020036711e-05,16.36102706698669,NN,NN,0,sore,5.400879436282184,1,0,0,0,0,1,0,1,0,0,-1
sorrow,1,5.940323510018356e-06,17.36102706698669,NN,NN,0,sorrow,3.700439718141092,0,0,0,1,0,1,0,1,0,0,-1
sour,1,5.940323510018356e-06,17.36102706698669,NN,NN,0,sour,3.700439718141092,0,0,1,0,0,1,0,0,0,0,-1
special,9,5.34629115901652e-05,14.191102065544378,JJ,JJ,0,special,6.346431652259807,0,0,0,0,1,0,1,0,0,0,1
spectacular,1,5.940323510018356e-06,17.36102706698669,NN,NN,0,spectacular,3.700439718141092,0,1,0,0,0,0,0,0,1,0,0
speculation,9,5.34629115901652e-05,14.191102065544378,NN,NN,0,specul,6.801758872564369,0,0,0,1,0,1,0,1,0,0,-1
spirits,3,1.7820970530055067e-05,15.776064566265534,NNS,NN,0,spirit,6.346431652259807,0,1,0,0,1,0,1,0,1,0,1
spite,2,1.1880647020036711e-05,16.36102706698669,NN,NN,0,spite,3.700439718141092,1,0,0,0,0,1,0,0,0,0,-1
splitting,10,5.940323510018356e-05,14.039098972099328,NN,NN,0,split,6.692863304519616,0,0,0,0,0,1,0,1,0,0,-1
spoiler,1,5.940323510018356e-06,17.36102706698669,NN,NN,0,spoiler,3.700439718141092,0,0,0,0,0,1,0,1,0,0,-1
stable,14,8.316452914025698e-05,13.553672144929086,JJ,JJ,0,stabl,6.692863304519616,0,0,0,0,0,0,1,0,0,1,1
stagnant,4,2.3761294040073423e-05,15.36102706698669,NN,NN,0,stagnant,6.346431652259807,0,0,0,0,0,1,0,1,0,0,-1
statement,4,2.3761294040073423e-05,15.36102706698669,NN,NN,0,statement,6.801758872564369,0,0,0,0,0,0,1,0,0,1,1
steady,6,3.5641941060110134e-05,14.776064566265534,JJ,JJ,0,steadi,6.801758872564369,0,0,0,0,0,0,0,0,1,1,0
steal,3,1.7820970530055067e-05,15.776064566265534,NN,NN,0,steal,5.400879436282184,1,0,0,1,0,1,0,1,0,0,-1
stealing,3,1.7820970530055067e-05,15.776064566265534,VBG,VB,0,steal,6.346431652259807,0,0,1,1,0,1,0,0,0,0,-1
stolen,1,5.940323510018356e-06,17.36102706698669,VBN,VB,0,stolen,3.700439718141092,1,0,0,0,0,1,0,0,0,0,-1
stone,1,5.940323510018356e-06,17.36102706698669,NN,NN,0,stone,3.700439718141092,1,0,0,0,0,1,0,0,0,0,-1
store,63,0.0003742403811311564,11.383747143486774,NN,NN,0,store,6.251593572584417,0,1,0,0,0,0,1,0,0,0,1
storm,3,1.7820970530055067e-05,15.776064566265534,NN,NN,0,storm,5.400879436282184,1,0,0,0,0,1,0,0,0,0,-1
straightforward,3,1.7820970530055067e-05,15.776064566265534,NN,NN,0,straightforward,5.400879436282184,0,0,0,0,0,0,1,0,0,1,1
strangle,5,2.970161755009178e-05,15.039098972099328,NN,NN,0,strangl,6.346431652259807,1,0,1,1,0,1,0,1,1,0,-1
strength,14,8.316452914025698e-05,13.553672144929086,NN,NN,0,strength,6.892558116268649,0,0,0,0,0,0,1,0,0,1,1
strike,86,0.0005108678218615786,10.934762312284592,NN,NN,0,strike,6.251593572584417,1,0,0,0,0,1,0,0,0,0,-1
succeed,3,1.7820970530055067e-05,15.776064566265534,VB,VB,0,succeed,5.400879436282184,0,1,0,0,1,0,1,0,1,1,1
success,23,0.0001366274407304222,12.837465110929678,NN,NN,0,success,5.6035177451287375,0,1,0,0,1,0,1,0,0,0,1
successful,15,8.910485265027533e-05,13.454136471378172,JJ,JJ,0,success,6.892558116268649,0,1,0,0,1,0,1,0,0,1,1
sue,1,5.940323510018356e-06,17.36102706698669,NN,NN,0,sue,3.700439718141092,1,0,0,0,0,1,0,1,0,0,-1
suicide,1,5.940323510018356e-06,17.36102706698669,NN,NN,0,suicid,3.700439718141092,1,0,0,1,0,1,0,1,0,0,-1
sun,2,1.1880647020036711e-05,16.36102706698669,NN,NN,0,sun,5.400879436282184,0,1,0,0,1,0,1,0,1,1,1
sunshine,5,2.970161755009178e-05,15.039098972099328,NN,NN,0,sunshin,3.700439718141092,0,0,0,0,1,0,1,0,0,0,1
supporter,1,5.940323510018356e-06,17.36102706698669,NN,NN,0,support,3.700439718141092,0,0,0,0,1,0,1,0,0,1,1
supporting,4,2.3761294040073423e-05,15.36102706698669,VBG,VB,0,support,6.346431652259807,0,0,0,0,0,0,1,0,0,1,1
suppress,1,5.940323510018356e-06,17.36102706698669,NN,NN,0,suppress,3.700439718141092,1,0,0,1,0,1,0,1,0,0,-1
surgery,1,5.940323510018356e-06,17.36102706698669,NN,NN,0,surgeri,3.700439718141092,0,0,0,1,0,0,0,1,0,0,0
surprise,19,0.00011286614669034875,13.113099553543105,NN,NN,0,surpris,6.692863304519616,0,0,0,1,1,0,1,0,1,0,1
surprisingly,1,5.940323510018356e-06,17.36102706698669,RB,RB,0,surprisingli,3.700439718141092,0,1,0,0,0,0,0,0,1,0,0
surrender,1,5.940323510018356e-06,17.36102706698669,NN,NN,0,surrend,3.700439718141092,0,0,0,1,0,1,0,1,0,0,-1
suspect,3,1.7820970530055067e-05,15.776064566265534,NN,NN,0,suspect,5.400879436282184,0,0,0,1,0,1,0,0,0,0,-1
swear,1,5.940323510018356e-06,17.36102706698669,NN,NN,0,swear,3.700439718141092,0,0,0,0,0,0,1,0,0,1,1
sweet,4,2.3761294040073423e-05,15.36102706698669,NN,NN,0,sweet,3.700439718141092,0,1,0,0,1,0,1,0,1,1,1
swim,1,5.940323510018356e-06,17.36102706698669,NN,NN,0,swim,3.700439718141092,0,1,0,1,1,0,1,0,0,0,1
sympathy,2,1.1880647020036711e-05,16.36102706698669,NN,NN,0,sympathi,5.400879436282184,0,0,0,0,0,0,1,1,0,0,1
tactics,1,5.940323510018356e-06,17.36102706698669,NNS,NN,0,tactic,3.700439718141092,0,0,0,1,0,0,0,0,0,1,0
tariff,4,2.3761294040073423e-05,15.36102706698669,NN,NN,0,tariff,6.346431652259807,1,0,1,0,0,1,0,0,0,0,-1
tax,55,0.00032671779305100954,11.57966735346203,NN,NN,0,tax,6.251593572584417,0,0,0,0,0,1,0,1,0,0,-1
teach,1,5.940323510018356e-06,17.36102706698669,NN,NN,0,teach,3.700439718141092,0,0,0,0,1,0,1,0,1,1,1
teacher,2,1.1880647020036711e-05,16.36102706698669,NN,NN,0,teacher,5.400879436282184,0,0,0,0,0,0,1,0,0,1,1
teens,3,1.7820970530055067e-05,15.776064566265534,NNS,NN,0,teen,5.400879436282184,0,0,0,0,0,1,1,0,0,0,0
terminal,2,1.1880647020036711e-05,16.36102706698669,NN,NN,0,termin,5.400879436282184,0,0,0,1,0,1,0,1,0,0,-1
terrible,4,2.3761294040073423e-05,15.36102706698669,JJ,JJ,0,terribl,5.400879436282184,1,0,1,1,0,1,0,1,0,0,-1
theory,10,5.940323510018356e-05,14.039098972099328,NN,NN,0,theori,6.801758872564369,0,1,0,0,0,0,0,0,0,1,0
threat,2,1.1880647020036711e-05,16.36102706698669,NN,NN,0,threat,3.700439718141092,1,0,0,1,0,1,0,0,0,0,-1
thrill,1,5.940323510018356e-06,17.36102706698669,NN,NN,0,thrill,3.700439718141092,0,1,0,1,1,0,1,0,1,0,1
thriving,2,1.1880647020036711e-05,16.36102706698669,VBG,VB,0,thrive,3.700439718141092,0,1,0,0,1,0,1,0,0,0,1
title,13,7.722420563023862e-05,13.660587348845597,NN,NN,0,titl,6.251593572584417,0,0,0,0,0,0,1,0,0,1,1
top,106,0.0006296742920619457,10.633106612423491,NN,NN,0,top,2.651089094541745,0,1,0,0,0,0,1,0,0,1,1
touchy,1,5.940323510018356e-06,17.36102706698669,NN,NN,0,touchi,3.700439718141092,1,0,0,0,0,1,0,1,0,0,-1
tough,4,2.3761294040073423e-05,15.36102706698669,JJ,JJ,0,tough,6.346431652259807,0,0,0,0,0,1,0,1,0,0,-1
trash,2,1.1880647020036711e-05,16.36102706698669,NN,NN,0,trash,3.700439718141092,0,0,1,0,0,1,0,1,0,0,-1
treat,1,5.940323510018356e-06,17.36102706698669,NN,NN,0,treat,3.700439718141092,1,1,1,1,1,1,1,1,1,1,0
tree,1,5.940323510018356e-06,17.36102706698669,NN,NN,0,tree,3.700439718141092,1,1,1,0,1,0,1,0,1,1,1
trick,1,5.940323510018356e-06,17.36102706698669,NN,NN,0,trick,3.700439718141092,0,0,0,0,0,1,0,0,1,0,-1
true,25,0.00014850808775045889,12.717170877211965,JJ,JJ,0,true,6.892558116268649,0,0,0,0,1,0,1,0,0,1,1
truth,4,2.3761294040073423e-05,15.36102706698669,NN,NN,0,truth,6.346431652259807,0,0,0,0,0,0,1,0,0,1,1
ugly,6,3.5641941060110134e-05,14.776064566265534,RB,RB,0,ugli,6.801758872564369,0,0,1,0,0,1,0,0,0,0,-1
ultimate,1,5.940323510018356e-06,17.36102706698669,JJ,JJ,0,ultim,3.700439718141092,0,1,0,0,0,0,0,1,0,0,0
ultimately,6,3.5641941060110134e-05,14.776064566265534,RB,RB,0,ultim,6.801758872564369,0,1,0,0,0,0,1,0,0,0,1
unable,2,1.1880647020036711e-05,16.36102706698669,JJ,JJ,0,unabl,3.700439718141092,0,0,0,0,0,1,0,1,0,0,-1
unacceptable,2,1.1880647020036711e-05,16.36102706698669,JJ,JJ,0,unaccept,3.700439718141092,0,0,0,0,0,1,0,1,0,0,-1
unattractive,1,5.940323510018356e-06,17.36102706698669,JJ,JJ,0,unattract,3.700439718141092,0,0,1,0,0,1,0,1,0,0,-1
uncertain,2,1.1880647020036711e-05,16.36102706698669,JJ,JJ,0,uncertain,3.700439718141092,1,0,1,1,0,1,0,0,1,0,-1
understanding,9,5.34629115901652e-05,14.191102065544378,VBG,VB,0,understand,6.892558116268649,0,0,0,0,0,0,1,0,0,1,1
uneasy,1,5.940323510018356e-06,17.36102706698669,JJ,JJ,0,uneasi,3.700439718141092,0,0,1,1,0,1,0,0,0,0,-1
unemployed,1,5.940323510018356e-06,17.36102706698669,JJ,JJ,0,unemploy,3.700439718141092,0,0,0,1,0,1,0,1,0,0,-1
unexpected,6,3.5641941060110134e-05,14.776064566265534,JJ,JJ,0,unexpect,6.801758872564369,0,1,0,1,1,1,1,0,1,0,0
unfair,2,1.1880647020036711e-05,16.36102706698669,NN,NN,0,unfair,5.400879436282184,1,0,1,0,0,1,0,1,0,0,-1
unfavorable,2,1.1880647020036711e-05,16.36102706698669,JJ,JJ,0,unfavor,5.400879436282184,0,0,1,0,0,1,0,1,0,0,-1
unfortunate,1,5.940323510018356e-06,17.36102706698669,NN,NN,0,unfortun,3.700439718141092,0,0,0,0,0,1,0,1,0,0,-1
unhappy,1,5.940323510018356e-06,17.36102706698669,JJ,JJ,0,unhappi,3.700439718141092,1,0,1,0,0,1,0,1,0,0,-1
unique,1,5.940323510018356e-06,17.36102706698669,NN,NN,0,uniqu,3.700439718141092,0,0,0,0,0,0,1,0,1,0,1
united,6,3.5641941060110134e-05,14.776064566265534,JJ,JJ,0,unit,6.346431652259807,0,0,0,0,0,0,1,0,0,1,1
university,2,1.1880647020036711e-05,16.36102706698669,NN,NN,0,univers,5.400879436282184,0,1,0,0,0,0,1,0,0,0,1
unknown,2,1.1880647020036711e-05,16.36102706698669,JJ,JJ,0,unknown,3.700439718141092,0,1,0,1,0,1,0,0,0,0,-1
unpleasant,1,5.940323510018356e-06,17.36102706698669,JJ,JJ,0,unpleas,3.700439718141092,0,0,1,0,0,1,0,1,0,0,-1
unpredictable,5,2.970161755009178e-05,15.039098972099328,JJ,JJ,0,unpredict,6.346431652259807,0,0,0,0,0,1,0,0,1,0,-1
unreliable,3,1.7820970530055067e-05,15.776064566265534,JJ,JJ,0,unreli,6.346431652259807,0,0,0,0,0,1,0,0,0,1,-1
unsafe,1,5.940323510018356e-06,17.36102706698669,JJ,JJ,0,unsaf,3.700439718141092,0,0,0,1,0,1,0,0,0,0,-1
upset,1,5.940323510018356e-06,17.36102706698669,NN,NN,0,upset,3.700439718141092,1,0,0,0,0,1,0,1,0,0,-1
usher,1,5.940323510018356e-06,17.36102706698669,NN,NN,0,usher,3.700439718141092,0,0,0,0,0,0,1,0,0,1,1
usual,17,0.00010098549967031204,13.27356422573635,JJ,JJ,0,usual,6.892558116268649,0,0,0,0,0,0,1,0,0,1,1
vacation,1,5.940323510018356e-06,17.36102706698669,NN,NN,0,vacat,3.700439718141092,0,1,0,0,1,0,1,0,0,0,1
vanished,1,5.940323510018356e-06,17.36102706698669,NNS,NN,0,vanish,3.700439718141092,0,0,0,1,0,1,0,1,1,0,-1
vendetta,1,5.940323510018356e-06,17.36102706698669,NN,NN,0,vendetta,3.700439718141092,1,0,0,1,0,1,0,1,0,0,-1
verified,1,5.940323510018356e-06,17.36102706698669,VBN,VB,0,verifi,3.700439718141092,0,0,0,0,0,0,1,0,0,1,1
versus,7,4.158226457012849e-05,14.553672144929086,NN,NN,0,versu,5.400879436282184,1,0,0,0,0,1,0,0,0,0,-1
veteran,1,5.940323510018356e-06,17.36102706698669,NN,NN,0,veteran,3.700439718141092,0,0,0,0,0,0,1,0,0,1,1
victory,2,1.1880647020036711e-05,16.36102706698669,NN,NN,0,victori,5.400879436282184,0,1,0,0,1,0,1,0,0,1,1
virgin,1,5.940323510018356e-06,17.36102706698669,NN,NN,0,virgin,3.700439718141092,0,0,0,0,0,0,1,0,0,1,1
vision,2,1.1880647020036711e-05,16.36102706698669,NN,NN,0,vision,5.400879436282184,0,1,0,0,0,0,1,0,0,0,1
volatility,53,0.00031483714603097284,11.633106612423491,NN,NN,0,volatil,6.892558116268649,1,1,0,1,0,1,0,0,1,0,-1
vote,2,1.1880647020036711e-05,16.36102706698669,NN,NN,0,vote,5.400879436282184,1,1,0,0,1,1,1,1,1,1,0
wait,57,0.0003385984400710463,11.528137052821949,NN,NN,0,wait,3.7851162325372982,0,1,0,0,0,1,0,0,0,0,-1
wanting,13,7.722420563023862e-05,13.660587348845597,VBG,VB,0,want,6.692863304519616,0,0,0,0,0,1,0,1,0,0,-1
war,11,6.53435586102019e-05,13.901595448349394,NN,NN,0,war,6.892558116268649,0,0,0,1,0,1,0,0,0,0,-1
warp,1,5.940323510018356e-06,17.36102706698669,NN,NN,0,warp,3.700439718141092,1,0,0,0,0,1,0,1,0,0,-1
waste,1,5.940323510018356e-06,17.36102706698669,NN,NN,0,wast,3.700439718141092,0,0,1,0,0,1,0,0,0,0,-1
wasted,1,5.940323510018356e-06,17.36102706698669,VBN,VB,0,wast,3.700439718141092,1,0,1,0,0,1,0,0,0,0,-1
watch,89,0.0005286887923916337,10.885293636020291,NN,NN,0,watch,2.651089094541745,0,1,0,1,0,0,0,0,0,0,0
wealth,1,5.940323510018356e-06,17.36102706698669,NN,NN,0,wealth,3.700439718141092,0,0,0,0,1,0,1,0,0,1,1
wear,4,2.3761294040073423e-05,15.36102706698669,NN,NN,0,wear,6.801758872564369,0,0,0,0,0,1,0,0,0,1,-1
weigh,3,1.7820970530055067e-05,15.776064566265534,NN,NN,0,weigh,6.346431652259807,0,1,0,0,0,0,0,0,0,1,0
weight,4,2.3761294040073423e-05,15.36102706698669,NN,NN,0,weight,6.346431652259807,0,1,1,1,1,1,1,1,1,1,0
weird,3,1.7820970530055067e-05,15.776064566265534,NN,NN,0,weird,5.400879436282184,0,0,1,0,0,1,0,0,0,0,-1
welcomed,1,5.940323510018356e-06,17.36102706698669,VBD,VB,0,welcom,3.700439718141092,0,0,0,0,1,0,1,0,0,0,1
whim,1,5.940323510018356e-06,17.36102706698669,NN,NN,0,whim,3.700439718141092,0,1,0,0,1,1,0,0,1,0,-1
white,5,2.970161755009178e-05,15.039098972099328,JJ,JJ,0,white,6.346431652259807,0,1,0,0,1,0,1,0,0,1,1
wild,8,4.7522588080146845e-05,14.36102706698669,NN,NN,0,wild,6.801758872564369,0,0,0,0,0,1,0,0,1,0,-1
winner,1,5.940323510018356e-06,17.36102706698669,NN,NN,0,winner,3.700439718141092,0,1,0,0,1,0,1,0,1,0,1
winning,2,1.1880647020036711e-05,16.36102706698669,VBG,VB,0,win,5.400879436282184,0,1,1,0,1,0,1,1,1,1,1
wireless,1,5.940323510018356e-06,17.36102706698669,NN,NN,0,wireless,3.700439718141092,1,1,0,0,0,0,1,0,1,0,1
wisdom,3,1.7820970530055067e-05,15.776064566265534,NN,NN,0,wisdom,5.400879436282184,0,0,0,0,0,0,1,0,0,1,1
wizard,1,5.940323510018356e-06,17.36102706698669,NN,NN,0,wizard,3.700439718141092,0,1,0,0,0,0,1,0,1,0,1
wonderful,1,5.940323510018356e-06,17.36102706698669,NN,NN,0,wonder,3.700439718141092,0,0,0,0,1,0,1,0,1,1,1
word,3,1.7820970530055067e-05,15.776064566265534,NN,NN,0,word,6.346431652259807,0,0,0,0,0,0,1,0,0,1,1
words,7,4.158226457012849e-05,14.553672144929086,NNS,NN,0,word,6.346431652259807,1,0,0,0,0,1,0,0,0,0,-1
worried,9,5.34629115901652e-05,14.191102065544378,JJ,JJ,0,worri,6.692863304519616,0,0,0,0,0,1,0,1,0,0,-1
worry,11,6.53435586102019e-05,13.901595448349394,NN,NN,0,worri,6.251593572584417,0,1,0,1,0,1,0,1,0,0,-1
worrying,1,5.940323510018356e-06,17.36102706698669,VBG,VB,0,worri,3.700439718141092,0,1,0,1,0,1,0,1,0,0,-1
worse,15,8.910485265027533e-05,13.454136471378172,JJR,JJ,0,wors,6.346431652259807,0,0,0,1,0,1,0,1,0,0,-1
worthless,5,2.970161755009178e-05,15.039098972099328,NN,NN,0,worthless,6.346431652259807,1,0,1,0,0,1,0,1,0,0,-1
worthy,2,1.1880647020036711e-05,16.36102706698669,NN,NN,0,worthi,5.400879436282184,0,0,0,0,0,0,1,0,0,1,1
wrath,1,5.940323510018356e-06,17.36102706698669,NN,NN,0,wrath,3.700439718141092,1,0,0,1,0,1,0,0,0,0,-1
wrecked,2,1.1880647020036711e-05,16.36102706698669,VBD,VB,0,wreck,3.700439718141092,1,0,0,1,0,1,0,1,0,0,-1
wrongful,1,5.940323510018356e-06,17.36102706698669,NN,NN,0,wrong,3.700439718141092,1,0,1,0,0,1,0,1,0,0,-1
yelp,1,5.940323510018356e-06,17.36102706698669,NN,NN,0,yelp,3.700439718141092,1,0,0,1,0,1,0,0,1,0,-1
young,11,6.53435586102019e-05,13.901595448349394,JJ,JJ,0,young,6.892558116268649,0,1,0,0,1,0,1,0,1,0,1
